Rk,Player,Age,Tm,Pos,GP,G,A,PTS,+/-,PIM,PS,EV,PP,SH,GW,EV,PP,SH,S,S%,TOI,ATOI,BLK,HIT,FOW,FOL,FO%
1,Justin Abdelkader\abdelju01,31,DET,LW,60,5,10,15,-11,34,0.3,3,1,1,0,9,1,0,85,5.9,947,15:47,31,152,48,48,50.0
2,Pontus Aberg\abergpo01,25,TOT,LW,42,11,11,22,-11,14,2.0,8,3,0,1,8,3,0,79,13.9,642,15:17,9,36,2,10,16.7
2,Pontus Aberg\abergpo01,25,ANA,LW,37,11,8,19,-10,14,1.9,8,3,0,1,7,1,0,74,14.9,578,15:37,7,31,2,9,18.2
2,Pontus Aberg\abergpo01,25,MIN,LW,5,0,3,3,-1,0,0.2,0,0,0,0,1,2,0,5,0.0,64,12:46,2,5,0,1,0.0
3,Noel Acciari\acciano01,27,BOS,C,50,2,3,5,-8,23,-0.1,2,0,0,1,3,0,0,66,3.0,638,12:46,29,169,119,98,54.8
4,Kenny Agostino\agostke01,26,TOT,LW,40,2,11,13,-2,26,0.8,2,0,0,0,8,3,0,42,4.8,454,11:21,4,90,9,16,36.0
4,Kenny Agostino\agostke01,26,MTL,LW,36,2,9,11,-1,26,0.7,2,0,0,0,6,3,0,38,5.3,403,11:11,4,80,8,14,36.4
4,Kenny Agostino\agostke01,26,NJD,LW,4,0,2,2,-1,0,0.1,0,0,0,0,2,0,0,4,0.0,51,12:45,0,10,1,2,33.3
5,Sebastian Aho\ahose01,21,CAR,RW,59,24,43,67,21,18,9.1,18,3,3,4,26,16,1,179,13.4,1181,20:01,29,48,421,444,48.7
6,Mark Alt\altma01,27,COL,D,2,0,0,0,0,0,0.0,0,0,0,0,0,0,0,2,0.0,20,9:55,2,0,0,0,
7,Karl Alzner\alzneka01,30,MTL,D,9,0,1,1,1,2,0.4,0,0,0,0,1,0,0,8,0.0,156,17:18,10,13,0,0,
8,Michael Amadio\amadimi01,22,LAK,C,35,3,4,7,-2,6,0.6,3,0,0,0,4,0,0,27,11.1,356,10:11,12,13,69,101,40.6
9,Joey Anderson\anderjo08,20,NJD,RW,16,2,1,3,-3,4,0.2,1,0,1,1,1,0,0,25,8.0,193,12:05,7,20,1,2,33.3
10,Josh Anderson\anderjo05,24,CBJ,RW,57,20,10,30,15,48,4.3,16,3,1,3,9,1,0,157,12.7,956,16:46,31,149,5,12,29.4
11,Jaret Anderson-Dolan\anderja01,19,LAK,C,5,0,1,1,-2,0,0.0,0,0,0,0,1,0,0,6,0.0,58,11:36,2,5,4,5,44.4
12,Lias Andersson\anderli01,20,NYR,C,21,1,3,4,-5,12,0.1,1,0,0,0,3,0,0,22,4.5,218,10:23,4,36,25,33,43.1
13,Rasmus Andersson\anderra01,22,CGY,D,55,1,8,9,7,23,2.3,1,0,0,0,7,1,0,71,1.4,839,15:15,65,41,0,0,
14,Sven Andrighetto\andrisv01,25,COL,RW,40,4,3,7,1,6,0.4,4,0,0,0,3,0,0,64,6.3,452,11:18,19,18,2,7,22.2
15,Artem Anisimov\anisiar01,30,CHI,C,55,9,17,26,-6,12,1.8,9,0,0,1,14,3,0,95,9.5,878,15:58,19,21,212,238,47.1
16,Mason Appleton\applema01,23,WPG,C,33,3,7,10,11,4,1.4,3,0,0,1,7,0,0,28,10.7,268,8:08,11,22,0,1,0.0
17,Darren Archibald\archida02,28,TOT,RW,11,1,1,2,-1,12,0.2,1,0,0,0,1,0,0,10,10.0,79,7:09,4,9,0,1,0.0
17,Darren Archibald\archida02,28,VAN,RW,9,1,1,2,-1,12,0.2,1,0,0,0,1,0,0,8,12.5,69,7:38,3,8,0,1,0.0
17,Darren Archibald\archida02,28,OTT,RW,2,0,0,0,0,0,0.0,0,0,0,0,0,0,0,2,0.0,10,4:58,1,1,0,0,
18,Josh Archibald\archijo01,26,ARI,RW,44,7,6,13,1,9,1.7,7,0,0,1,5,0,1,62,11.3,586,13:20,22,109,10,21,32.3
19,Joel Armia\armiajo01,25,MTL,RW,34,6,7,13,2,10,1.2,5,0,1,0,5,2,0,91,6.6,570,16:46,12,70,5,21,19.2
20,Viktor Arvidsson\arvidvi01,25,NSH,LW,37,26,8,34,12,22,5.6,24,1,1,5,8,0,0,127,20.5,711,19:13,10,13,2,14,12.5
21,Zach Aston-Reese\astonza01,24,PIT,C,33,6,7,13,11,20,1.6,5,0,1,1,7,0,0,57,10.5,434,13:09,28,110,8,6,57.1
22,Andreas Athanasiou\athanan01,24,DET,C,54,20,17,37,-5,16,4.3,18,2,0,2,13,4,0,156,12.8,881,16:19,17,19,57,101,36.1
23,Cam Atkinson\atkinca01,29,CBJ,RW,55,32,23,55,10,18,7.6,24,6,2,7,19,4,0,220,14.5,1083,19:41,21,20,11,31,26.2
24,Nicolas Aube-Kubel\aubekni01,22,PHI,RW,9,0,0,0,1,0,0.0,0,0,0,0,0,0,0,2,0.0,50,5:35,0,14,0,0,
25,David Backes\backeda01,34,BOS,C,47,5,8,13,-4,10,1.1,3,2,0,1,4,4,0,86,5.8,627,13:20,21,91,166,123,57.4
26,Mikael Backlund\backlmi01,29,CGY,C,54,13,18,31,25,34,3.7,12,0,1,1,16,1,1,130,10.0,969,17:57,19,40,387,393,49.6
27,Nicklas Backstrom\backsni02,31,WSH,C,58,13,42,55,6,20,4.8,7,6,0,4,28,14,0,125,10.4,1171,20:11,21,39,526,543,49.2
28,Sven Baertschi\baertsv01,26,VAN,LW,22,8,5,13,-5,6,1.5,5,3,0,0,1,4,0,40,20.0,344,15:38,13,16,1,3,25.0
29,Josh Bailey\bailejo01,29,NYI,C,58,13,31,44,14,15,5.3,10,2,1,3,20,11,0,94,13.8,992,17:06,21,14,110,101,52.1
30,Justin Bailey\baileju01,23,PHI,RW,2,0,0,0,1,0,0.0,0,0,0,0,0,0,0,1,0.0,11,5:33,0,3,0,0,
31,Rudolfs Balcers\balceru01,21,OTT,LW,15,2,3,5,2,2,0.6,1,1,0,0,3,0,0,19,10.5,151,10:04,10,8,0,1,0.0
32,Ivan Barbashev\barbaiv01,23,STL,C,56,8,10,18,-7,9,1.9,6,0,2,0,10,0,0,35,22.9,641,11:27,22,52,131,141,48.2
33,Mark Barberio\barbema01,28,COL,D,12,1,0,1,-6,4,-0.1,1,0,0,0,0,0,0,11,9.1,183,15:14,14,13,0,0,
34,Aleksander Barkov\barkoal01,23,FLA,C,57,22,35,57,-19,2,5.7,13,9,0,4,24,11,0,144,15.3,1301,22:49,47,16,753,649,53.7
35,Tyson Barrie\barrity01,27,COL,D,54,6,34,40,-7,26,5.2,4,2,0,0,18,16,0,141,4.3,1185,21:56,58,36,0,0,
36,Matt Bartkowski\bartkma01,30,MIN,D,2,1,0,1,2,0,0.4,1,0,0,0,0,0,0,2,50.0,21,10:42,1,1,0,0,
37,Mathew Barzal\barzama01,21,NYI,C,58,17,33,50,-6,34,5.5,14,3,0,3,18,15,0,132,12.9,1052,18:08,37,14,172,245,41.2
38,Nathan Bastian\bastina01,21,NJD,RW,1,0,0,0,-1,5,0.0,0,0,0,0,0,0,0,0,,10,9:32,0,1,0,0,
39,Drake Batherson\bathedr01,20,OTT,C,17,3,5,8,-3,6,0.7,1,2,0,2,4,1,0,16,18.8,233,13:41,19,15,2,1,66.7
40,Gavin Bayreuther\bayrega01,24,DAL,D,19,2,3,5,2,10,1.7,2,0,0,0,1,2,0,25,8.0,346,18:11,19,11,0,0,
41,Jay Beagle\beaglja01,33,VAN,RW,36,2,6,8,-3,10,0.3,1,0,1,0,6,0,0,29,6.9,486,13:31,23,65,249,217,53.4
42,Jake Bean\beanja01,20,CAR,D,2,0,0,0,0,2,0.0,0,0,0,0,0,0,0,1,0.0,17,8:28,0,1,0,0,
43,Nathan Beaulieu\beaulna01,26,BUF,D,27,3,4,7,0,30,1.6,3,0,0,0,3,1,0,32,9.4,399,14:46,25,32,0,0,
44,Anthony Beauvillier\beauvan01,21,NYI,LW,57,13,7,20,-1,6,2.5,12,1,0,2,6,1,0,120,10.8,861,15:06,28,52,14,22,38.9
45,Matt Beleskey\belesma01,30,NYR,LW,4,1,0,1,1,5,0.2,1,0,0,0,0,0,0,3,33.3,29,7:22,1,7,1,0,100.0
46,Pierre-Edouard Bellemare\bellepi01,33,VEG,LW,59,4,6,10,1,4,0.5,3,0,1,0,6,0,0,74,5.4,737,12:29,37,45,306,265,53.6
47,Louie Belpedio\belpelo01,22,MIN,D,2,0,0,0,0,0,0.1,0,0,0,0,0,0,0,0,,26,13:08,4,1,0,0,
48,Jamie Benn\bennja01,29,DAL,LW,57,19,20,39,7,48,5.1,12,7,0,2,18,2,0,132,14.4,1044,18:19,55,101,156,174,47.3
49,Jordie Benn\bennjo01,31,MTL,D,58,4,10,14,9,31,4.1,4,0,0,1,10,0,0,61,6.6,1060,18:17,101,102,0,0,
50,Sam Bennett\bennesa01,22,CGY,C,56,11,11,22,-2,81,1.9,7,4,0,2,9,2,0,91,12.1,760,13:35,22,99,49,35,58.3
51,Matt Benning\bennima01,24,EDM,D,46,2,8,10,8,29,2.9,2,0,0,0,6,1,1,61,3.3,679,14:46,33,79,0,0,
52,Patrice Bergeron\bergepa01,33,BOS,C,43,21,34,55,16,24,7.4,13,7,1,2,20,13,1,147,14.3,810,18:50,39,35,555,409,57.6
53,Patrik Berglund\berglpa01,30,BUF,C,23,2,2,4,-5,6,0.0,2,0,0,0,2,0,0,25,8.0,300,13:03,16,25,68,48,58.6
54,Tyler Bertuzzi\bertuty01,23,DET,LW,51,14,16,30,6,30,3.5,13,1,0,2,15,1,0,80,17.5,802,15:44,28,57,10,18,35.7
55,Alex Biega\biegaal01,30,VAN,D,21,1,6,7,2,16,1.5,1,0,0,0,5,1,0,49,2.0,318,15:09,16,60,0,0,
56,Clark Bishop\bishocl01,22,CAR,C,20,1,2,3,-3,6,0.1,1,0,0,0,2,0,0,16,6.3,189,9:27,5,39,69,78,46.9
57,Anthony Bitetto\bitetan01,28,TOT,D,25,0,3,3,-2,10,0.7,0,0,0,0,3,0,0,24,0.0,294,11:47,27,58,0,0,
57,Anthony Bitetto\bitetan01,28,NSH,D,18,0,3,3,1,8,0.7,0,0,0,0,3,0,0,15,0.0,192,10:40,23,40,0,0,
57,Anthony Bitetto\bitetan01,28,MIN,D,7,0,0,0,-3,2,0.0,0,0,0,0,0,0,0,9,0.0,102,14:38,4,18,0,0,
58,Anders Bjork\bjorkan01,22,BOS,LW,20,1,2,3,-1,2,0.2,1,0,0,0,2,0,0,18,5.6,236,11:48,12,9,1,0,100.0
59,Oliver Bjorkstrand\bjorkol01,23,CBJ,RW,52,10,10,20,-1,4,2.1,9,1,0,0,10,0,0,98,10.2,634,12:12,25,24,5,7,41.7
60,Nick Bjugstad\bjugsni01,26,TOT,C,41,6,10,16,0,22,1.4,5,1,0,2,7,3,0,82,7.3,606,14:46,19,68,144,136,51.4
60,Nick Bjugstad\bjugsni01,26,FLA,C,32,5,7,12,2,16,1.2,4,1,0,1,5,2,0,60,8.3,464,14:30,18,44,103,99,51.0
60,Nick Bjugstad\bjugsni01,26,PIT,C,9,1,3,4,-2,6,0.2,1,0,0,1,2,1,0,22,4.5,142,15:44,1,24,41,37,52.6
61,Colin Blackwell\blackco01,25,NSH,C,6,0,0,0,-1,2,-0.1,0,0,0,0,0,0,0,5,0.0,58,9:44,3,10,13,16,44.8
62,Sammy Blais\blaissa01,22,STL,LW,24,2,1,3,-3,6,0.2,2,0,0,0,1,0,0,21,9.5,235,9:48,8,74,0,1,0.0
63,Joseph Blandisi\blandjo01,24,TOT,C,4,0,0,0,-1,6,-0.1,0,0,0,0,0,0,0,3,0.0,39,9:41,1,5,0,0,
63,Joseph Blandisi\blandjo01,24,ANA,C,3,0,0,0,-1,6,-0.1,0,0,0,0,0,0,0,1,0.0,32,10:39,0,4,0,0,
63,Joseph Blandisi\blandjo01,24,PIT,C,1,0,0,0,0,0,0.0,0,0,0,0,0,0,0,2,0.0,7,6:47,1,1,0,0,
64,Teddy Blueger\bluegte01,24,PIT,C,9,3,1,4,2,7,0.6,3,0,0,1,1,0,0,11,27.3,89,9:53,3,25,6,9,40.0
65,Mikkel Boedker\boedkmi01,29,OTT,RW,51,6,22,28,-15,6,1.7,4,2,0,1,17,5,0,65,9.2,768,15:03,20,42,7,8,46.7
66,Brock Boeser\boesebr01,21,VAN,RW,47,21,19,40,12,18,5.6,18,3,0,3,13,6,0,146,14.4,909,19:21,15,12,13,22,37.1
67,Zach Bogosian\bogosza01,28,BUF,D,51,2,12,14,-4,42,2.9,2,0,0,0,11,1,0,70,2.9,1102,21:37,89,63,0,0,
68,Nick Bonino\boninni01,30,NSH,C,60,14,13,27,24,16,3.8,11,3,0,1,12,0,1,85,16.5,990,16:30,54,23,441,429,50.7
69,Henrik Borgstr√∂m\borgshe01,21,FLA,C,26,5,4,9,-11,0,0.6,3,2,0,0,3,1,0,37,13.5,352,13:32,8,10,102,138,42.5
70,Mark Borowiecki\borowma01,29,OTT,D,38,0,3,3,-8,81,0.5,0,0,0,0,3,0,0,41,0.0,582,15:19,59,153,0,0,
71,Robert Bortuzzo\borturo01,29,STL,D,37,2,7,9,4,35,2.9,2,0,0,0,6,0,1,49,4.1,581,15:42,51,59,0,0,
72,Evan Bouchard\bouchev01,19,EDM,D,7,1,0,1,-5,2,0.0,0,1,0,0,0,0,0,10,10.0,86,12:21,8,6,0,0,
73,Reid Boucher\bouchre01,25,VAN,C,1,0,0,0,0,0,0.0,0,0,0,0,0,0,0,0,,5,5:28,0,1,0,0,
74,Gabriel Bourque\bourqga01,28,COL,LW,39,0,5,5,-2,6,-0.2,0,0,0,0,4,0,1,23,0.0,396,10:09,40,70,6,9,40.0
75,Jay Bouwmeester\bouwmja01,35,STL,D,54,2,10,12,-3,30,4.1,2,0,0,1,10,0,0,54,3.7,1099,20:21,90,37,0,0,
76,Madison Bowey\boweyma01,23,WSH,D,33,1,5,6,3,38,1.2,1,0,0,1,5,0,0,34,2.9,454,13:45,41,47,0,0,
77,Johnny Boychuk\boychjo01,35,NYI,D,57,3,11,14,9,17,5.0,2,1,0,1,8,2,1,133,2.3,1075,18:52,83,108,0,0,
78,Travis Boyd\boydtr01,25,WSH,C,34,4,11,15,4,4,1.4,4,0,0,0,9,2,0,24,16.7,356,10:28,16,8,73,122,37.4
79,Brian Boyle\boylebr01,34,TOT,C,53,14,6,20,-15,22,2.0,7,6,1,3,3,2,1,94,14.9,729,13:45,37,101,126,126,50.0
79,Brian Boyle\boylebr01,34,NJD,C,47,13,6,19,-13,22,2.0,6,6,1,2,3,2,1,81,16.0,650,13:49,36,88,103,102,50.2
79,Brian Boyle\boylebr01,34,NSH,C,6,1,0,1,-2,0,0.0,1,0,0,1,0,0,0,13,7.7,79,13:10,1,13,23,24,48.9
80,Tyler Bozak\bozakty01,32,STL,C,49,9,14,23,-2,12,2.5,7,2,0,2,12,2,0,95,9.5,804,16:24,26,47,314,260,54.7
81,Derick Brassard\brassde01,31,TOT,C,48,10,9,19,-10,31,1.4,10,0,0,0,6,3,0,74,13.5,723,15:04,12,80,213,235,47.5
81,Derick Brassard\brassde01,31,PIT,C,40,9,6,15,-6,29,1.2,9,0,0,0,4,2,0,62,14.5,597,14:56,12,69,200,221,47.5
81,Derick Brassard\brassde01,31,FLA,C,8,1,3,4,-4,2,0.2,1,0,0,0,2,1,0,12,8.3,126,15:47,0,11,13,14,48.1
82,Jesper Bratt\brattje01,20,NJD,W,45,6,22,28,-9,6,2.3,5,1,0,1,15,7,0,82,7.3,672,14:57,19,34,4,1,80.0
83,Justin Braun\braunju01,31,SJS,D,55,1,12,13,-4,18,2.6,1,0,0,0,11,1,0,75,1.3,1107,20:08,94,83,0,0,
84,Connor Brickley\brickco01,26,NYR,C,2,0,1,1,1,0,0.1,0,0,0,0,1,0,0,2,0.0,14,7:11,0,5,0,0,
85,Daniel Brickley\brickda01,23,LAK,D,4,0,1,1,-2,0,0.1,0,0,0,0,1,0,0,2,0.0,51,12:49,4,5,0,0,
86,Guillaume Brisebois\brisegu01,21,VAN,D,2,0,0,0,-3,0,-0.2,0,0,0,0,0,0,0,1,0.0,16,8:12,1,2,0,0,
87,T.J. Brodie\broditj01,28,CGY,D,58,7,22,29,26,20,6.6,5,1,1,1,19,3,0,75,9.3,1277,22:01,62,14,0,1,0.0
88,Jonas Brodin\brodijo01,25,MIN,D,59,4,9,13,-10,26,3.6,3,0,1,2,8,1,0,71,5.6,1210,20:31,90,41,0,0,
89,Kyle Brodziak\brodzky01,34,EDM,C,53,4,3,7,-13,14,-0.2,3,0,1,1,3,0,0,59,6.8,651,12:17,35,72,321,293,52.3
90,Troy Brouwer\brouwtr01,33,FLA,RW,50,7,4,11,-11,28,0.7,7,0,0,0,4,0,0,59,11.9,604,12:04,27,104,15,26,36.6
91,Connor Brown\brownco02,25,TOR,RW,58,5,15,20,11,12,1.6,5,0,0,0,13,1,1,61,8.2,821,14:10,27,26,16,25,39.0
92,Dustin Brown\browndu01,34,LAK,RW,48,12,20,32,-5,12,3.2,6,5,1,3,18,1,1,117,10.3,985,20:31,23,105,0,14,0.0
93,J.T. Brown\brownjt01,28,MIN,RW,35,1,3,4,-5,22,0.0,1,0,0,0,3,0,0,37,2.7,309,8:49,7,68,4,10,28.6
94,Josh Brown\brownjo01,25,FLA,D,12,0,0,0,-1,7,0.2,0,0,0,0,0,0,0,2,0.0,150,12:30,10,25,0,0,
95,Pavel Buchnevich\buchnpa01,23,NYR,LW,41,11,10,21,-4,4,2.3,6,5,0,0,8,2,0,59,18.6,592,14:26,14,33,6,15,28.6
96,Michael Bunting\buntimi01,23,ARI,LW,5,1,0,1,0,2,0.2,1,0,0,0,0,0,0,5,20.0,48,9:33,1,6,0,0,
97,Andre Burakovsky\burakan01,23,WSH,LW,53,7,9,16,-5,12,1.0,6,1,0,2,9,0,0,66,10.6,597,11:16,26,28,7,12,36.8
98,Erik Burgdoerfer\burgder01,30,OTT,D,4,0,0,0,-1,2,0.0,0,0,0,0,0,0,0,2,0.0,43,10:40,0,16,0,0,
99,Brent Burns\burnsbr01,33,SJS,D,59,11,53,64,13,26,10.3,5,5,1,5,34,16,3,224,4.9,1467,24:52,88,60,0,0,
100,Will Butcher\butchwi01,24,NJD,D,58,4,18,22,-7,4,4.0,3,1,0,1,7,11,0,83,4.8,1117,19:15,55,31,0,0,
101,Chris Butler\butlech01,32,STL,D,12,1,1,2,4,0,1.1,1,0,0,0,1,0,0,9,11.1,171,14:14,16,13,0,0,
102,Dustin Byfuglien\byfugdu01,33,WPG,D,37,4,26,30,4,58,5.2,3,1,0,1,11,15,0,105,3.8,904,24:26,46,65,0,0,
103,Paul Byron\byronpa01,29,MTL,C,36,10,9,19,9,6,2.5,9,0,1,3,8,0,1,63,15.9,543,15:05,28,76,12,23,34.3
104,Drake Caggiula\caggidr01,24,TOT,LW,45,10,7,17,-7,23,1.5,9,0,1,2,7,0,0,80,12.5,652,14:29,24,120,13,25,34.2
104,Drake Caggiula\caggidr01,24,EDM,LW,29,7,4,11,-8,16,1.0,6,0,1,2,4,0,0,49,14.3,407,14:03,17,79,4,11,26.7
104,Drake Caggiula\caggidr01,24,CHI,LW,16,3,3,6,1,7,0.5,3,0,0,0,3,0,0,31,9.7,244,15:17,7,41,9,14,39.1
105,Ryan Callahan\callary01,33,TBL,RW,43,6,9,15,7,14,1.6,5,1,0,2,8,0,1,59,10.2,487,11:19,22,65,6,14,30.0
106,Matt Calvert\calvema01,29,COL,LW,58,8,13,21,-7,47,1.3,7,1,0,0,11,1,1,103,7.8,815,14:03,38,86,34,44,43.6
107,Kyle Capobianco\capobky01,21,ARI,D,2,0,0,0,-2,0,-0.1,0,0,0,0,0,0,0,1,0.0,32,16:05,2,2,0,0,
108,Paul Carey\careypa01,30,OTT,C,5,0,0,0,0,0,-0.1,0,0,0,0,0,0,0,1,0.0,46,9:08,2,2,1,3,25.0
109,Brandon Carlo\carlobr01,22,BOS,D,50,1,3,4,7,35,3.6,1,0,0,0,3,0,0,71,1.4,1039,20:47,59,98,0,0,
110,John Carlson\carlsjo01,29,WSH,D,58,9,43,52,17,28,8.2,8,1,0,0,22,21,0,132,6.8,1468,25:19,126,35,0,0,
111,Gabriel Carlsson\carlsga01,22,CBJ,D,1,0,0,0,-1,2,-0.1,0,0,0,0,0,0,0,1,0.0,9,9:21,0,0,0,0,
112,Ryan Carpenter\carpery01,28,VEG,C,49,4,9,13,-8,2,0.6,3,0,1,0,8,0,1,72,5.6,617,12:36,16,85,124,118,51.2
113,Daniel Carr\carrda01,27,VEG,LW,6,1,0,1,-1,0,0.1,1,0,0,0,0,0,0,11,9.1,59,9:50,3,9,0,0,
114,Connor Carrick\carrico01,24,DAL,D,14,1,3,4,-7,13,0.4,1,0,0,0,3,0,0,16,6.3,179,12:49,11,5,0,0,
115,Sam Carrick\carrisa01,26,ANA,C,5,0,0,0,-2,2,-0.1,0,0,0,0,0,0,0,4,0.0,49,9:51,0,12,13,12,52.0
116,Trevor Carrick\carritr01,24,CAR,D,1,0,0,0,-1,5,0.0,0,0,0,0,0,0,0,0,,11,11:29,1,1,0,0,
117,William Carrier\carriwi01,24,VEG,LW,48,8,1,9,-1,20,1.1,8,0,0,1,1,0,0,81,9.9,472,9:50,13,247,0,0,
118,Jeff Carter\carteje01,34,LAK,C,52,10,15,25,-15,28,1.9,5,5,0,1,7,7,1,128,7.8,954,18:21,24,57,413,383,51.9
119,Colby Cave\caveco01,24,TOT,C,29,1,4,5,-4,8,0.1,1,0,0,0,4,0,0,29,3.4,343,11:49,8,31,101,110,47.9
119,Colby Cave\caveco01,24,BOS,C,20,1,4,5,-1,8,0.3,1,0,0,0,4,0,0,18,5.6,264,13:11,5,22,75,86,46.6
119,Colby Cave\caveco01,24,EDM,C,9,0,0,0,-3,0,-0.2,0,0,0,0,0,0,0,11,0.0,79,8:46,3,9,26,24,52.0
120,Cody Ceci\cecico01,25,OTT,D,54,5,14,19,-19,10,2.7,5,0,0,1,14,0,0,92,5.4,1219,22:34,108,75,0,0,
121,Peter Cehlarik\cehlape01,23,BOS,LW,13,4,2,6,2,4,0.9,3,1,0,1,2,0,0,19,21.1,172,13:13,5,3,0,4,0.0
122,Erik Cernak\cernaer01,21,TBL,D,35,2,7,9,15,21,3.1,2,0,0,0,7,0,0,63,3.2,649,18:32,47,122,0,0,
123,Thomas Chabot\chaboth01,22,OTT,D,50,11,33,44,3,24,7.4,9,1,1,2,21,12,0,139,7.9,1203,24:04,86,58,0,0,
124,Michael Chaput\chapumi01,26,MTL,C,32,0,5,5,-4,14,-0.1,0,0,0,0,5,0,0,31,0.0,359,11:13,17,53,124,120,50.8
125,Zdeno Chara\charazd01,41,BOS,D,40,3,6,9,6,35,3.8,2,1,0,2,5,1,0,62,4.8,841,21:01,65,50,0,0,
126,Rourke Chartier\chartro01,22,SJS,C,13,1,0,1,-5,2,-0.2,1,0,0,0,0,0,0,19,5.3,122,9:24,3,14,34,51,40.0
127,Ben Chiarot\chiarbe01,27,WPG,D,55,4,9,13,7,44,3.9,4,0,0,1,8,0,1,73,5.5,1012,18:24,82,114,0,0,
128,Alex Chiasson\chiasal01,28,EDM,RW,49,17,10,27,-2,20,3.3,10,6,1,0,5,5,0,81,21.0,821,16:46,21,58,6,10,37.5
129,Dennis Cholowski\cholode01,20,DET,D,52,7,9,16,-20,16,2.2,3,4,0,1,4,5,0,71,9.9,949,18:15,50,18,1,0,100.0
130,Jakob Chychrun\chychja01,20,ARI,D,36,3,9,12,-10,22,2.7,1,2,0,0,7,2,0,85,3.5,729,20:15,53,49,0,0,
131,Filip Chytil\chytifi01,19,NYR,C,56,10,9,19,-15,6,1.4,8,2,0,2,6,3,0,97,10.3,784,14:00,19,19,33,64,34.0
132,Anthony Cirelli\cirelan01,21,TBL,C,59,11,12,23,14,27,2.6,7,0,4,4,11,1,0,92,12.0,871,14:45,38,68,372,337,52.5
133,Casey Cizikas\cizikca01,27,NYI,C,51,15,10,25,21,28,4.2,14,0,1,2,9,0,1,79,19.0,686,13:27,42,77,343,336,50.5
134,Fredrik Claesson\claesfr01,26,NYR,D,27,2,3,5,2,9,1.6,2,0,0,0,2,0,1,33,6.1,475,17:35,31,57,0,0,
135,Adam Clendening\clendad01,26,CBJ,D,4,0,0,0,1,0,0.1,0,0,0,0,0,0,0,3,0.0,43,10:39,3,1,0,0,
136,Kyle Clifford\cliffky01,28,LAK,LW,48,7,6,13,6,39,1.7,7,0,0,2,6,0,0,73,9.6,459,9:34,14,69,3,2,60.0
137,Connor Clifton\cliftco01,23,BOS,D,9,0,0,0,2,11,0.5,0,0,0,0,0,0,0,6,0.0,157,17:27,7,17,0,0,
138,Cal Clutterbuck\cluttca01,31,NYI,RW,52,6,10,16,5,38,1.7,4,2,0,2,10,0,0,62,9.7,710,13:40,25,142,13,15,46.4
139,Braydon Coburn\coburbr01,33,TBL,D,53,3,11,14,4,24,3.1,3,0,0,0,11,0,0,83,3.6,860,16:14,47,59,0,0,
140,Andrew Cogliano\coglian01,31,TOT,LW,58,4,10,14,1,20,0.9,3,1,0,1,10,0,0,82,4.9,757,13:03,16,52,7,15,31.8
140,Andrew Cogliano\coglian01,31,ANA,LW,46,3,8,11,2,14,0.7,2,1,0,1,8,0,0,64,4.7,609,13:15,13,43,7,13,35.0
140,Andrew Cogliano\coglian01,31,DAL,LW,12,1,2,3,-1,6,0.2,1,0,0,0,2,0,0,18,5.6,147,12:17,3,9,0,2,0.0
141,Ian Cole\coleia01,29,COL,D,53,1,9,10,4,94,2.5,1,0,0,0,9,0,0,63,1.6,1087,20:31,137,84,0,0,
142,Blake Coleman\colembl01,27,NJD,C,55,18,11,29,-2,38,3.6,15,1,2,3,10,0,1,155,11.6,899,16:21,28,153,95,114,45.5
143,Blake Comeau\comeabl01,32,DAL,RW,55,6,4,10,-11,22,0.4,6,0,0,2,4,0,0,64,9.4,845,15:22,28,154,20,28,41.7
144,J.T. Compher\comphj.01,23,COL,LW,42,12,11,23,-4,27,2.2,6,3,3,2,7,4,0,77,15.6,707,16:49,27,18,207,194,51.6
145,Max Comtois\comtoma01,20,ANA,LW,10,2,5,7,3,7,0.8,2,0,0,1,5,0,0,9,22.2,146,14:35,3,27,3,8,27.3
146,Cory Conacher\conacco01,29,TBL,LW,1,0,0,0,0,2,0.0,0,0,0,0,0,0,0,1,0.0,9,8:35,0,0,0,0,
147,Erik Condra\condrer01,32,DAL,RW,6,1,0,1,-2,2,0.1,1,0,0,0,0,0,0,10,10.0,76,12:41,1,3,0,1,0.0
148,Kevin Connauton\connake01,28,ARI,D,41,1,6,7,2,22,3.0,1,0,0,0,4,0,2,69,1.4,770,18:47,64,76,0,0,
149,Brett Connolly\connobr01,26,WSH,RW,59,13,17,30,1,18,2.9,12,1,0,3,16,1,0,92,14.1,798,13:32,19,35,7,17,29.2
150,Kyle Connor\connoky01,22,WPG,LW,59,22,22,44,-3,14,5.0,14,7,1,3,18,4,0,170,12.9,1142,19:21,13,7,1,0,100.0
151,Andrew Copp\coppan01,24,WPG,C,46,6,10,16,13,4,2.0,5,0,1,2,10,0,0,51,11.8,550,11:57,24,50,107,87,55.2
152,Nick Cousins\cousini01,25,ARI,C,58,6,17,23,-5,21,2.2,6,0,0,1,15,2,0,105,5.7,794,13:41,37,89,154,168,47.8
153,Logan Couture\coutulo01,29,SJS,C,59,21,32,53,3,10,5.7,16,4,1,3,24,8,0,138,15.2,1103,18:42,41,41,210,238,46.9
154,Sean Couturier\coutuse01,26,PHI,C,57,24,30,54,3,18,6.4,17,6,1,2,22,8,0,157,15.3,1248,21:53,44,32,521,395,56.9
155,Charlie Coyle\coylech01,26,MIN,C,59,10,18,28,1,16,2.7,8,1,1,2,16,2,0,110,9.1,1008,17:05,44,59,223,260,46.2
156,Adam Cracknell\crackad01,33,ANA,RW,2,0,0,0,-1,0,-0.1,0,0,0,0,0,0,0,3,0.0,21,10:26,0,6,0,0,
157,Sidney Crosby\crosbsi01,31,PIT,C,56,25,47,72,19,22,8.5,17,8,0,3,35,10,2,166,15.1,1168,20:51,30,69,703,563,55.5
158,Lawson Crouse\crousla01,21,ARI,LW,57,8,9,17,4,60,2.2,6,0,2,0,9,0,0,83,9.6,706,12:23,28,193,16,24,40.0
159,Matt Cullen\cullema01,42,PIT,C,48,5,11,16,6,12,1.4,3,0,2,0,9,0,2,65,7.7,558,11:37,22,20,212,224,48.6
160,Austin Czarnik\czarnau01,26,CGY,C,30,3,4,7,-6,2,0.3,3,0,0,0,3,1,0,38,7.9,314,10:28,15,2,17,22,43.6
161,Evgenii Dadonov\dadonev01,29,FLA,RW,57,20,24,44,-11,4,4.7,13,7,0,3,18,6,0,148,13.5,1075,18:52,35,21,1,3,25.0
162,Rasmus Dahlin\dahlira01,18,BUF,D,58,6,26,32,3,20,5.8,3,3,0,2,17,9,0,115,5.2,1208,20:49,49,53,0,0,
163,Carl Dahlstrom\dahlsca01,24,CHI,D,25,0,6,6,5,6,1.4,0,0,0,0,5,0,1,29,0.0,470,18:47,23,22,0,0,
164,Michael Dal Colle\dalcomi01,22,NYI,LW,20,2,2,4,3,2,0.5,2,0,0,2,2,0,0,22,9.1,233,11:38,6,6,0,1,0.0
165,Trevor Daley\daleytr01,35,DET,D,35,2,4,6,-2,12,1.6,1,0,1,1,4,0,0,39,5.1,654,18:41,48,9,0,0,
166,Zac Dalpe\dalpeza01,29,CBJ,RW,1,0,1,1,1,0,0.1,0,0,0,0,1,0,0,1,0.0,9,9:01,0,0,0,1,0.0
167,Phillip Danault\danauph01,25,MTL,LW,59,11,29,40,15,37,4.2,11,0,0,1,27,1,1,96,11.5,1047,17:45,42,64,622,539,53.6
168,Marko Dano\danoma01,24,COL,C,8,0,0,0,-1,7,-0.1,0,0,0,0,0,0,0,3,0.0,55,6:53,3,16,0,5,0.0
169,Laurent Dauphin\dauphla01,23,ARI,C,1,0,0,0,-1,0,0.0,0,0,0,0,0,0,0,2,0.0,12,12:19,1,0,0,1,0.0
170,Brandon Davidson\davidbr01,27,CHI,D,10,0,1,1,-4,15,-0.1,0,0,0,0,1,0,0,7,0.0,138,13:48,15,17,0,0,
171,Calvin de Haan\dehaaca01,27,CAR,D,59,1,11,12,4,18,4.6,1,0,0,1,11,0,0,89,1.1,1119,18:58,89,148,0,1,0.0
172,Jacob de La Rose\delarja01,23,DET,LW,48,3,4,7,-6,14,0.0,3,0,0,0,4,0,0,47,6.4,561,11:41,26,56,127,172,42.5
173,Jean-Sebastien Dea\deaje01,24,TOT,C,23,4,2,6,0,8,0.7,4,0,0,1,2,0,0,29,13.8,236,10:15,12,21,53,51,51.0
173,Jean-Sebastien Dea\deaje01,24,NJD,C,20,3,2,5,-1,6,0.5,3,0,0,1,2,0,0,27,11.1,215,10:44,12,19,51,50,50.5
173,Jean-Sebastien Dea\deaje01,24,PIT,C,3,1,0,1,1,2,0.2,1,0,0,0,0,0,0,2,50.0,21,7:03,0,2,2,1,66.7
174,Anthony DeAngelo\deangan01,23,NYR,D,39,4,13,17,7,46,3.8,4,0,0,0,9,4,0,75,5.3,723,18:32,48,39,0,0,
175,Alex DeBrincat\debrial01,21,CHI,RW,59,29,26,55,1,15,6.6,20,9,0,1,16,10,0,167,17.4,1030,17:27,19,25,15,17,46.9
176,Jake Debrusk\debruja01,22,BOS,LW,50,17,8,25,-2,12,3.4,11,6,0,4,6,2,0,119,14.3,800,16:00,17,35,6,24,20.0
177,Danny DeKeyser\dekeyda01,28,DET,D,33,3,10,13,5,31,3.0,3,0,0,2,10,0,0,32,9.4,704,21:21,56,46,0,0,
178,Michael Del Zotto\delzomi01,28,TOT,D,32,1,5,6,-2,8,1.6,1,0,0,0,5,0,0,34,2.9,565,17:39,46,103,0,0,
178,Michael Del Zotto\delzomi01,28,VAN,D,23,1,3,4,3,8,1.5,1,0,0,0,3,0,0,21,4.8,413,17:57,31,89,0,0,
178,Michael Del Zotto\delzomi01,28,ANA,D,9,0,2,2,-5,0,0.1,0,0,0,0,2,0,0,13,0.0,152,16:53,15,14,0,0,
179,Dylan DeMelo\demeldy01,25,OTT,D,53,3,11,14,16,22,4.3,3,0,0,0,10,0,1,78,3.8,989,18:40,82,83,0,0,
180,Jason Demers\demerja01,30,ARI,D,18,1,2,3,-1,6,1.3,1,0,0,1,2,0,0,23,4.3,357,19:50,14,19,0,0,
181,Travis Dermott\dermotr01,22,TOR,D,55,4,12,16,-4,18,2.9,4,0,0,0,12,0,0,85,4.7,957,17:24,46,85,0,0,
182,Nicolas Deslauriers\deslani01,27,MTL,LW,44,2,1,3,-10,22,-0.5,1,0,1,0,1,0,0,41,4.9,436,9:54,21,126,1,0,100.0
183,Phillip Di Giuseppe\digiuph01,25,TOT,LW,24,1,3,4,-3,8,0.2,1,0,0,0,3,0,0,31,3.2,243,10:08,9,54,3,2,60.0
183,Phillip Di Giuseppe\digiuph01,25,CAR,LW,21,1,3,4,-2,8,0.3,1,0,0,0,3,0,0,27,3.7,208,9:55,6,49,3,2,60.0
183,Phillip Di Giuseppe\digiuph01,25,NSH,LW,3,0,0,0,-1,0,-0.1,0,0,0,0,0,0,0,4,0.0,35,11:41,3,5,0,0,
184,Jason Dickinson\dickija01,23,DAL,C,43,5,8,13,3,16,1.4,5,0,0,2,8,0,0,54,9.3,552,12:50,31,69,148,174,46.0
185,Brenden Dillon\dillobr01,28,SJS,D,59,1,17,18,20,37,4.7,0,0,1,0,17,0,0,53,1.9,1002,16:59,52,139,0,0,
186,Christian Djoos\djoosch01,24,WSH,D,33,1,5,6,5,4,1.3,1,0,0,0,5,0,0,24,4.2,436,13:13,21,15,0,0,
187,Max Domi\domima01,23,MTL,LW,59,19,32,51,10,71,5.9,16,3,0,2,25,7,0,131,14.5,1031,17:29,30,44,350,439,44.4
188,Ryan Donato\donatry01,22,BOS,C,34,6,3,9,-11,2,0.7,3,3,0,0,3,0,0,75,8.0,425,12:30,10,15,7,10,41.2
189,Joonas Donskoi\donskjo01,26,SJS,RW,59,14,16,30,8,8,3.4,13,1,0,4,14,2,0,86,16.3,807,13:41,29,30,1,8,11.1
190,Jake Dotchin\dotchja01,24,ANA,D,20,0,1,1,-4,39,0.2,0,0,0,0,0,0,1,7,0.0,236,11:49,16,54,0,0,
191,Drew Doughty\doughdr01,29,LAK,D,58,5,27,32,-23,26,5.3,0,5,0,0,13,13,1,112,4.5,1559,26:53,80,119,0,0,
192,Nic Dowd\dowdni01,28,WSH,C,43,5,10,15,5,14,1.4,5,0,0,1,9,0,1,27,18.5,441,10:16,23,65,162,160,50.3
193,Justin Dowling\dowliju01,28,DAL,C,6,0,1,1,-1,0,0.0,0,0,0,0,1,0,0,5,0.0,76,12:37,3,6,12,14,46.2
194,Leon Draisaitl\draisle01,23,EDM,C,58,35,34,69,-1,36,8.7,22,13,0,4,23,11,0,158,22.2,1288,22:12,19,39,488,482,50.3
195,Sheldon Dries\driessh01,24,COL,C,35,3,3,6,-5,24,0.2,2,0,1,0,3,0,0,43,7.0,323,9:14,17,59,62,61,50.4
196,Jonathan Drouin\drouijo01,23,MTL,LW,59,17,29,46,-3,26,4.7,14,3,0,3,18,11,0,155,11.0,1039,17:37,21,45,35,43,44.9
197,Dillon Dube\dubedi01,20,CGY,C,23,1,4,5,4,4,0.4,1,0,0,0,4,0,0,22,4.5,228,9:55,3,11,15,24,38.5
198,Brandon Dubinsky\dubinbr01,32,CBJ,C,37,5,6,11,-11,34,0.5,5,0,0,0,6,0,0,39,12.8,471,12:43,20,83,285,229,55.4
199,Pierre-Luc Dubois\duboipi01,20,CBJ,LW,57,22,29,51,12,46,6.3,20,2,0,3,22,7,0,130,16.9,1068,18:44,43,86,355,456,43.8
200,Matt Duchene\duchema01,28,OTT,C,49,27,29,56,-2,6,6.8,22,5,0,1,23,6,0,125,21.6,947,19:20,27,17,461,379,54.9
201,Anthony Duclair\duclaan01,23,CBJ,LW,50,11,6,17,-6,10,1.7,7,4,0,2,5,1,0,91,12.1,620,12:24,20,24,2,13,13.3
202,Mathew Dumba\dumbama01,24,MIN,D,32,12,10,22,-5,21,4.6,6,6,0,1,4,6,0,93,12.9,748,23:23,43,60,0,0,
203,Brian Dumoulin\dumoubr01,27,PIT,D,59,2,18,20,27,18,5.3,2,0,0,0,14,0,4,75,2.7,1245,21:06,99,117,0,0,
204,Vince Dunn\dunnvi02,22,STL,D,54,8,17,25,13,33,6.7,6,2,0,2,14,3,0,107,7.5,920,17:02,48,29,0,1,0.0
205,Ryan Dzingel\dzingry01,26,OTT,C,56,22,21,43,-13,29,4.5,18,4,0,4,16,5,0,132,16.7,999,17:50,34,39,36,54,40.0
206,Cody Eakin\eakinco01,27,VEG,C,56,15,16,31,13,14,4.1,12,0,3,2,13,3,0,88,17.0,868,15:30,29,58,333,329,50.3
207,Patrick Eaves\eavespa01,34,ANA,RW,7,0,0,0,-4,4,-0.3,0,0,0,0,0,0,0,6,0.0,97,13:53,1,14,0,0,
208,Jordan Eberle\eberljo01,28,NYI,RW,54,13,13,26,-10,12,2.7,7,6,0,3,9,4,0,114,11.4,894,16:33,22,27,3,5,37.5
209,Alexander Edler\edleral01,32,VAN,D,38,5,15,20,3,40,4.4,3,2,0,1,7,8,0,83,6.0,889,23:24,109,80,0,0,
210,Joel Edmundson\edmunjo01,25,STL,D,51,2,7,9,6,60,4.3,2,0,0,1,7,0,0,80,2.5,1014,19:52,90,104,0,1,0.0
211,Nikolaj Ehlers\ehlerni01,22,WPG,LW,40,15,12,27,8,13,3.7,14,1,0,3,7,5,0,102,14.7,652,16:18,12,13,1,1,50.0
212,Christoffer Ehn\ehnch01,22,DET,C,43,2,5,7,1,4,0.4,2,0,0,0,5,0,0,29,6.9,423,9:51,23,50,48,54,47.1
213,Jack Eichel\eicheja01,22,BUF,C,55,18,44,62,0,18,6.3,14,4,0,2,32,12,0,215,8.4,1103,20:04,33,50,437,455,49.0
214,Aaron Ekblad\ekblaaa01,22,FLA,D,57,10,15,25,-6,31,5.5,5,5,0,0,13,2,0,132,7.6,1332,23:22,42,91,0,0,
215,Mattias Ekholm\ekholma01,28,NSH,D,59,7,34,41,24,35,9.2,5,2,0,3,28,5,1,103,6.8,1368,23:11,81,56,0,0,
216,Oliver Ekman-Larsson\ekmanol01,27,ARI,D,57,7,20,27,-16,40,5.9,3,4,0,1,10,9,1,129,5.4,1351,23:42,40,116,0,0,
217,Remi Elie\eliere01,23,BUF,LW,16,0,1,1,-3,2,-0.2,0,0,0,0,1,0,0,9,0.0,166,10:21,3,30,1,0,100.0
218,Lars Eller\ellerla01,29,WSH,C,58,7,17,24,-13,31,0.9,7,0,0,1,14,2,1,117,6.0,961,16:34,35,45,397,398,49.9
219,Stefan Elliott\elliost01,28,OTT,D,3,0,1,1,1,0,0.2,0,0,0,0,1,0,0,3,0.0,27,8:59,1,2,0,0,
220,Ryan Ellis\ellisry01,28,NSH,D,61,6,23,29,16,16,7.5,4,1,1,2,20,3,0,114,5.3,1482,24:18,117,51,0,0,
221,Deryk Engelland\engelde01,36,VEG,D,53,1,6,7,-10,12,2.0,1,0,0,0,6,0,0,71,1.4,1055,19:55,105,116,0,0,
222,Tyler Ennis\ennisty01,29,TOR,C,34,7,4,11,-1,2,1.2,7,0,0,0,2,2,0,55,12.7,345,10:08,9,27,0,0,
223,Jonathan Ericsson\ericsjo01,34,DET,D,41,3,2,5,-6,31,1.5,3,0,0,1,2,0,0,40,7.5,741,18:04,46,68,0,0,
224,Loui Eriksson\erikslo01,33,VAN,LW,60,9,12,21,-10,16,1.6,8,1,0,2,10,2,0,86,10.5,870,14:30,20,2,2,4,33.3
225,Joel Eriksson Ek\eriksjo02,22,MIN,C,42,5,6,11,-2,12,0.9,5,0,0,1,6,0,0,66,7.6,532,12:39,17,73,161,181,47.1
226,Adam Erne\ernead01,23,TBL,LW,44,6,8,14,6,33,1.5,4,2,0,3,8,0,0,52,11.5,469,10:40,13,98,7,5,58.3
227,Robby Fabbri\fabbrro01,23,STL,C,25,2,3,5,2,6,0.5,2,0,0,1,3,0,0,31,6.5,321,12:51,5,20,4,9,30.8
228,Radek Faksa\faksara01,25,DAL,C,58,9,11,20,-10,35,1.7,7,1,1,1,9,1,1,80,11.3,950,16:23,45,68,395,400,49.7
229,Justin Falk\falkju01,30,OTT,D,10,0,0,0,-4,11,-0.1,0,0,0,0,0,0,0,7,0.0,129,12:56,9,36,0,0,
230,Oscar Fantenberg\fanteos01,27,LAK,D,43,2,1,3,-2,6,1.8,2,0,0,0,1,0,0,46,4.3,674,15:41,62,62,0,0,
231,Jesper Fast\fastje01,27,NYR,RW,52,8,10,18,-1,26,1.6,8,0,0,1,10,0,0,67,11.9,824,15:51,38,93,7,12,36.8
232,Justin Faulk\faulkju01,26,CAR,D,59,5,16,21,6,37,6.6,3,2,0,1,13,3,0,159,3.1,1313,22:15,89,109,0,0,
233,Taylor Fedun\fedunta01,30,DAL,D,35,3,5,8,-1,12,2.3,3,0,0,0,2,2,1,61,4.9,506,14:27,38,11,0,0,
234,Eric Fehr\fehrer01,33,MIN,RW,49,5,5,10,-10,24,0.5,5,0,0,0,4,0,1,44,11.4,537,10:57,35,30,230,222,50.9
235,Micheal Ferland\ferlami01,26,CAR,LW,50,16,17,33,12,38,4.8,10,6,0,3,12,5,0,119,13.4,733,14:40,10,137,21,48,30.4
236,Kevin Fiala\fialake01,22,NSH,LW,61,10,22,32,-8,26,2.8,9,1,0,1,16,6,0,126,7.9,922,15:06,15,27,3,2,60.0
237,Valtteri Filppula\filppva01,34,NYI,C,56,12,11,23,15,14,3.3,11,0,1,3,11,0,0,57,21.1,796,14:13,25,6,322,328,49.5
238,Christian Fischer\fischch01,21,ARI,RW,58,11,5,16,-13,27,1.7,11,0,0,0,5,0,0,92,12.0,773,13:19,15,93,2,5,28.6
239,Haydn Fleury\fleurha01,22,CAR,D,12,0,1,1,3,0,0.7,0,0,0,0,1,0,0,8,0.0,148,12:18,12,16,0,0,
240,Warren Foegele\foegewa01,22,CAR,LW,59,7,4,11,-12,14,0.8,7,0,0,3,4,0,0,84,8.3,777,13:10,18,97,10,10,50.0
241,Steven Fogarty\fogarst01,25,NYR,C,10,0,0,0,-1,0,-0.1,0,0,0,0,0,0,0,9,0.0,78,7:46,3,6,8,19,29.6
242,Marcus Foligno\foligma01,27,MIN,LW,59,5,10,15,-4,42,1.1,5,0,0,0,8,1,1,66,7.6,693,11:44,31,161,10,11,47.6
243,Nick Foligno\foligni01,31,CBJ,LW,52,14,12,26,4,19,2.9,13,1,0,2,10,2,0,103,13.6,946,18:12,37,125,118,86,57.8
244,Christian Folin\folinch01,27,PHI,D,26,0,2,2,5,16,1.3,0,0,0,0,2,0,0,20,0.0,404,15:33,59,60,1,0,100.0
245,Derek Forbort\forbode01,26,LAK,D,57,1,10,11,-12,34,2.8,1,0,0,0,10,0,0,53,1.9,1191,20:54,95,75,0,1,0.0
246,Alex Formenton\formeal01,19,OTT,LW,9,1,0,1,-2,6,0.0,1,0,0,0,0,0,0,16,6.3,105,11:40,7,11,1,2,33.3
247,Jakob Forsbacka Karlsson\forsbja01,22,BOS,C,28,3,6,9,1,2,1.0,3,0,0,0,5,1,0,21,14.3,330,11:48,9,14,95,131,42.0
248,Filip Forsberg\forsbfi01,24,NSH,C,44,20,17,37,10,20,5.1,13,5,2,3,15,2,0,149,13.4,822,18:42,20,59,0,5,0.0
249,Gustav Forsling\forslgu02,22,CHI,D,23,2,5,7,-5,20,0.9,2,0,0,0,5,0,0,29,6.9,419,18:12,20,19,0,0,
250,Alexandre Fortin\fortial01,21,CHI,LW,24,3,3,6,-6,2,0.2,2,0,1,1,3,0,0,29,10.3,254,10:35,7,21,11,6,64.7
251,Cam Fowler\fowleca01,27,ANA,D,36,3,9,12,-14,18,2.0,3,0,0,1,7,2,0,61,4.9,858,23:50,65,17,0,0,
252,Trent Frederic\fredetr01,20,BOS,C,9,0,0,0,-1,5,-0.1,0,0,0,0,0,0,0,8,0.0,82,9:07,3,14,27,21,56.3
253,Tanner Fritz\fritzta01,27,NYI,C,4,0,1,1,-1,2,0.0,0,0,0,0,1,0,0,3,0.0,43,10:43,4,5,7,5,58.3
254,Martin Frk\frkma01,25,DET,RW,25,1,4,5,-7,2,0.1,0,1,0,0,4,0,0,21,4.8,210,8:25,4,27,0,0,
255,Michael Frolik\frolimi01,30,CGY,LW,41,12,7,19,12,20,2.6,10,0,2,3,7,0,0,84,14.3,532,12:59,12,39,9,12,42.9
256,Kurtis Gabriel\gabriku01,25,NJD,RW,9,0,1,1,-3,28,-0.1,0,0,0,0,1,0,0,3,0.0,61,6:48,2,34,0,0,
257,Sam Gagner\gagnesa01,29,TOT,C,8,1,2,3,-4,6,0.1,0,1,0,0,2,0,0,19,5.3,137,17:06,2,5,13,16,44.8
257,Sam Gagner\gagnesa01,29,VAN,C,7,1,2,3,-3,4,0.1,0,1,0,0,2,0,0,17,5.9,127,18:08,2,5,12,15,44.4
257,Sam Gagner\gagnesa01,29,EDM,C,1,0,0,0,-1,2,0.0,0,0,0,0,0,0,0,2,0.0,10,9:56,0,0,1,1,50.0
258,Alex Galchenyuk\galchal01,24,ARI,C,48,13,18,31,-13,20,3.5,7,6,0,2,8,10,0,100,13.0,771,16:04,21,40,167,184,47.6
259,Brendan Gallagher\gallabr01,26,MTL,RW,59,23,14,37,7,28,4.8,19,4,0,3,12,2,0,212,10.8,978,16:35,22,89,15,25,37.5
260,Joseph Gambardella\gambajo01,25,EDM,C,4,0,0,0,-1,0,-0.1,0,0,0,0,0,0,0,0,,23,5:49,1,1,0,0,
261,Dylan Gambrell\gambrdy01,22,SJS,C,6,0,0,0,1,0,0.0,0,0,0,0,0,0,0,4,0.0,49,8:11,1,11,13,15,46.4
262,Jake Gardiner\gardija01,28,TOR,D,56,2,26,28,15,24,5.6,2,0,0,0,21,5,0,67,3.0,1195,21:20,57,53,0,1,0.0
263,Conor Garland\garlaco01,22,ARI,RW,31,11,3,14,3,10,2.4,7,4,0,2,1,2,0,78,14.1,399,12:53,9,21,2,5,28.6
264,Jason Garrison\garrija01,34,EDM,D,17,1,0,1,1,8,0.6,0,1,0,0,0,0,0,16,6.3,216,12:42,23,13,0,0,
265,Adam Gaudette\gaudead01,22,VAN,C,35,4,5,9,-1,10,0.9,4,0,0,1,4,1,0,32,12.5,355,10:08,7,34,95,124,43.4
266,Frederick Gaudreau\gaudrfr01,25,NSH,C,44,3,1,4,1,2,0.3,3,0,0,1,1,0,0,31,9.7,395,8:59,13,17,135,150,47.4
267,Johnny Gaudreau\gaudrjo01,25,CGY,LW,58,29,49,78,16,18,9.2,24,5,0,6,30,19,0,183,15.8,1179,20:19,7,9,1,1,50.0
268,Brendan Gaunce\gauncbr01,24,VAN,C,3,1,2,3,3,0,0.5,1,0,0,1,2,0,0,2,50.0,23,7:37,0,4,8,5,61.5
269,Frederik Gauthier\gauthfr01,23,TOR,C,49,2,8,10,5,8,0.8,2,0,0,0,8,0,0,34,5.9,408,8:20,20,63,165,143,53.6
270,Timothy Gettinger\gettiti01,20,NYR,LW,4,0,0,0,0,0,0.0,0,0,0,0,0,0,0,2,0.0,30,7:31,3,15,0,0,
271,Ryan Getzlaf\getzlry01,33,ANA,C,53,11,27,38,-22,40,2.7,10,1,0,2,19,8,0,115,9.6,1055,19:54,60,117,430,368,53.9
272,Brian Gibbons\gibbobr02,30,ANA,C,43,2,3,5,-8,16,-0.2,2,0,0,0,3,0,0,29,6.9,445,10:20,19,26,1,1,50.0
273,Stephen Gionta\giontst01,35,NYI,C,5,0,0,0,-4,0,-0.2,0,0,0,0,0,0,0,4,0.0,44,8:47,2,14,20,17,54.1
274,Mark Giordano\giordma01,35,CGY,D,56,12,43,55,28,57,9.9,6,3,3,1,25,17,1,154,7.8,1390,24:49,110,42,0,0,
275,Samuel Girard\girarsa01,20,COL,D,58,3,15,18,-3,2,3.0,3,0,0,0,7,8,0,86,3.5,1144,19:44,56,34,0,0,
276,Dan Girardi\girarda01,34,TBL,D,54,3,9,12,5,12,3.1,3,0,0,0,8,0,1,63,4.8,955,17:42,94,129,0,0,
277,Zemgus Girgensons\girgeze01,25,BUF,C,51,3,9,12,-6,9,0.3,3,0,0,0,9,0,0,53,5.7,694,13:37,20,93,18,24,42.9
278,Claude Giroux\giroucl01,31,PHI,C,59,17,44,61,3,24,6.4,14,2,1,3,30,14,0,168,10.1,1248,21:09,12,25,515,350,59.5
279,Ben Gleason\gleasbe01,20,DAL,D,4,0,1,1,-1,0,0.2,0,0,0,0,1,0,0,2,0.0,60,14:53,1,2,0,0,
280,Luke Glendening\glendlu01,29,DET,C,60,9,11,20,8,15,1.9,8,0,1,1,10,0,1,84,10.7,947,15:47,77,139,529,412,56.2
281,Nikolay Goldobin\goldoni01,23,VAN,LW,52,6,19,25,-6,16,2.0,5,1,0,0,11,7,1,84,7.1,769,14:47,16,11,0,0,
282,Alex Goligoski\goligal01,33,ARI,D,52,3,17,20,-12,6,4.3,2,1,0,0,11,4,2,69,4.3,1071,20:36,107,45,0,0,
283,Cody Goloubef\golouco01,29,OTT,D,2,0,0,0,0,0,0.0,0,0,0,0,0,0,0,2,0.0,20,9:47,4,3,0,0,
284,Barclay Goodrow\goodrba01,25,SJS,RW,59,5,8,13,1,62,0.9,4,0,1,2,8,0,0,53,9.4,633,10:44,43,88,193,150,56.3
285,Shayne Gostisbehere\gostish01,25,PHI,D,56,6,21,27,-15,14,4.2,4,2,0,2,11,10,0,137,4.4,1117,19:56,76,36,0,0,
286,Tyrell Goulbourne\goulbty01,25,PHI,LW,2,0,0,0,0,0,0.0,0,0,0,0,0,0,0,3,0.0,15,7:25,0,6,0,0,
287,Yanni Gourde\gourdya01,27,TBL,C,59,16,19,35,6,44,3.8,12,4,0,5,16,3,0,105,15.2,973,16:29,19,68,129,104,55.4
288,Michael Grabner\grabnmi01,31,ARI,RW,25,6,5,11,-1,8,1.4,2,0,4,1,3,0,2,41,14.6,352,14:05,13,16,4,6,40.0
289,Markus Granlund\granlma01,25,VAN,C,58,9,9,18,-7,16,1.4,8,1,0,0,7,1,1,91,9.9,880,15:10,20,37,131,174,43.0
290,Mikael Granlund\granlmi01,26,MIN,C,59,14,34,48,-1,20,4.9,10,2,2,4,18,16,0,142,9.9,1105,18:44,27,27,85,102,45.5
291,Derek Grant\grantde01,28,TOT,C,36,3,5,8,0,10,0.6,3,0,0,1,5,0,0,45,6.7,377,10:29,14,55,145,120,54.7
291,Derek Grant\grantde01,28,PIT,C,25,2,3,5,3,6,0.5,2,0,0,0,3,0,0,26,7.7,226,9:02,10,42,76,57,57.1
291,Derek Grant\grantde01,28,ANA,C,11,1,2,3,-3,4,0.1,1,0,0,1,2,0,0,19,5.3,151,13:46,4,13,69,63,52.3
292,Kevin Gravel\graveke01,26,EDM,D,35,0,3,3,-3,4,0.9,0,0,0,0,3,0,0,44,0.0,519,14:50,52,30,0,0,
293,Ryan Graves\gravery01,23,COL,D,14,3,0,3,1,0,0.8,3,0,0,0,0,0,0,14,21.4,160,11:24,28,18,0,0,
294,Anthony Greco\grecoan01,25,FLA,RW,1,0,0,0,-3,0,-0.1,0,0,0,0,0,0,0,2,0.0,10,9:30,0,0,0,0,
295,Mike Green\greenmi03,33,DET,D,38,4,18,22,8,28,4.5,4,0,0,0,15,3,0,83,4.8,826,21:45,50,51,0,0,
296,Andy Greene\greenan01,36,NJD,D,59,3,14,17,-4,12,3.9,3,0,0,0,10,2,2,77,3.9,1236,20:57,163,52,0,0,
297,Jordan Greenway\greenjo02,21,MIN,LW,58,9,8,17,-7,20,1.5,9,0,0,0,8,0,0,74,12.2,759,13:05,25,38,23,39,37.1
298,A.J. Greer\greeraj01,22,COL,LW,11,0,1,1,-3,10,-0.1,0,0,0,0,1,0,0,5,0.0,70,6:21,4,16,2,3,40.0
299,Rocco Grimaldi\grimaro01,25,NSH,C,39,4,4,8,-3,8,0.6,4,0,0,0,4,0,0,66,6.1,387,9:55,12,23,2,1,66.7
300,Eric Gryba\grybaer01,30,NJD,D,7,0,0,0,-2,6,0.0,0,0,0,0,0,0,0,6,0.0,103,14:42,12,14,0,0,
301,Matt Grzelcyk\grzelma01,25,BOS,D,51,1,13,14,7,56,4.5,1,0,0,0,8,5,0,74,1.4,1005,19:43,45,35,0,0,
302,Radko Gudas\gudasra01,28,PHI,D,57,2,11,13,11,47,4.2,2,0,0,0,11,0,0,106,1.9,1026,18:00,98,195,0,0,
303,Erik Gudbranson\gudbrer01,27,VAN,D,55,2,6,8,-25,81,1.0,2,0,0,1,6,0,0,67,3.0,996,18:07,56,127,0,0,
304,Jake Guentzel\guentja01,24,PIT,C,59,28,26,54,9,18,6.7,24,3,1,2,22,4,0,165,17.0,1123,19:02,34,67,10,20,33.3
305,Brendan Guhle\guhlebr01,21,BUF,D,2,0,0,0,1,2,0.1,0,0,0,0,0,0,0,1,0.0,23,11:41,0,1,0,0,
306,Carl Gunnarsson\gunnaca01,32,STL,D,18,3,4,7,11,4,2.6,3,0,0,1,3,0,1,18,16.7,294,16:19,23,8,0,0,
307,Denis Gurianov\guriade01,21,DAL,RW,19,1,3,4,-3,0,0.2,1,0,0,0,2,1,0,23,4.3,213,11:14,8,22,1,0,100.0
308,Erik Gustafsson\gustaer02,26,CHI,D,56,12,26,38,-11,20,5.3,8,4,0,3,17,9,0,102,11.8,1223,21:50,79,58,0,0,
309,Carl Hagelin\hagelca01,30,TOT,LW,37,2,6,8,0,20,0.3,2,0,0,1,6,0,0,64,3.1,544,14:43,15,51,3,17,15.0
309,Carl Hagelin\hagelca01,30,LAK,LW,21,1,4,5,-2,8,0.2,1,0,0,1,4,0,0,36,2.8,297,14:10,11,18,2,11,15.4
309,Carl Hagelin\hagelca01,30,PIT,LW,16,1,2,3,2,12,0.1,1,0,0,0,2,0,0,28,3.6,247,15:27,4,33,1,6,14.3
310,Robert Hagg\haggro01,23,PHI,D,59,4,10,14,6,49,4.1,4,0,0,1,10,0,0,68,5.9,1036,17:33,116,183,0,0,
311,Ron Hainsey\hainsro01,37,TOR,D,58,4,12,16,26,13,5.3,4,0,0,0,12,0,0,52,7.7,1155,19:55,99,58,1,0,100.0
312,Micheal Haley\haleymi01,32,FLA,C,24,1,2,3,-2,30,0.1,1,0,0,0,2,0,0,20,5.0,180,7:31,6,44,12,12,50.0
313,Taylor Hall\hallta02,27,NJD,LW,33,11,26,37,-6,16,3.9,10,1,0,3,15,11,0,113,9.7,650,19:41,29,22,26,32,44.8
314,Dan Hamhuis\hamhuda01,36,NSH,D,50,0,4,4,0,20,2.0,0,0,0,0,4,0,0,31,0.0,829,16:35,57,38,0,0,
315,Dougie Hamilton\hamildo01,25,CAR,D,59,10,13,23,-3,36,6.2,9,1,0,0,9,4,0,182,5.5,1155,19:35,63,104,0,1,0.0
316,Travis Hamonic\hamontr01,28,CGY,D,47,4,9,13,8,21,3.1,3,0,1,1,7,0,2,84,4.8,982,20:54,112,30,0,1,0.0
317,Noah Hanifin\hanifno01,22,CGY,D,58,5,23,28,10,10,5.1,3,1,1,2,18,4,1,87,5.7,1218,21:00,60,68,0,0,
318,Joel Hanley\hanlejo01,27,DAL,D,16,0,0,0,0,2,0.6,0,0,0,0,0,0,0,9,0.0,219,13:42,16,16,0,0,
319,Markus Hannikainen\hannima01,25,CBJ,LW,42,4,3,7,-5,2,0.4,4,0,0,1,3,0,0,48,8.3,395,9:25,8,62,0,3,0.0
320,Martin Hanzal\hanzama01,31,DAL,C,7,1,1,2,-4,4,0.1,0,1,0,0,1,0,0,14,7.1,90,12:52,4,14,45,31,59.2
321,Ben Harpur\harpube01,24,OTT,D,31,1,1,2,-6,52,0.6,1,0,0,0,1,0,0,30,3.3,537,17:19,42,60,0,0,
322,Scott Harrington\harrisc01,25,CBJ,D,51,1,13,14,5,10,2.8,1,0,0,0,13,0,0,33,3.0,620,12:10,47,45,0,0,
323,Ryan Hartman\hartmry01,24,NSH,RW,61,10,9,19,6,42,2.1,10,0,0,2,9,0,0,109,9.2,825,13:31,21,65,2,11,15.4
324,Garnet Hathaway\hathaga01,27,CGY,RW,52,7,2,9,3,27,0.9,5,0,2,3,2,0,0,44,15.9,512,9:51,26,134,3,3,50.0
325,Erik Haula\haulaer01,27,VEG,LW,15,2,5,7,1,10,0.6,2,0,0,0,4,1,0,26,7.7,249,16:35,6,11,78,74,51.3
326,Jayce Hawryluk\hawryja01,23,FLA,C,21,3,2,5,-4,8,0.4,3,0,0,0,1,1,0,15,20.0,175,8:20,7,48,3,1,75.0
327,John Hayden\haydejo01,23,CHI,C,42,3,1,4,-12,20,-0.4,3,0,0,0,1,0,0,28,10.7,402,9:34,21,74,6,14,30.0
328,Kevin Hayes\hayeske01,26,NYR,RW,49,14,28,42,3,10,4.6,9,3,2,1,19,8,1,118,11.9,957,19:32,12,49,360,384,48.4
329,Dillon Heatherington\heathdi01,23,DAL,D,5,0,1,1,4,0,0.5,0,0,0,0,1,0,0,5,0.0,51,10:11,2,6,0,0,
330,Victor Hedman\hedmavi01,28,TBL,D,52,7,30,37,13,34,6.9,5,2,0,1,12,18,0,130,5.4,1180,22:42,80,44,0,1,0.0
331,Tim Heed\heedti01,28,SJS,D,19,1,4,5,3,10,1.2,0,1,0,0,4,0,0,22,4.5,261,13:43,16,8,0,0,
332,Danton Heinen\heineda01,23,BOS,C,55,9,10,19,11,10,2.6,8,1,0,2,7,3,0,86,10.5,737,13:24,25,40,2,8,20.0
333,Miro Heiskanen\heiskmi01,19,DAL,D,58,10,15,25,-10,10,6.1,9,1,0,3,9,5,1,133,7.5,1343,23:10,54,25,0,0,
334,Darren Helm\helmda01,32,DET,C,39,5,8,13,-5,14,0.9,5,0,0,0,6,0,2,74,6.8,556,14:15,21,40,11,15,42.3
335,Matt Hendricks\hendrma01,37,MIN,C,22,0,2,2,-2,19,-0.1,0,0,0,0,2,0,0,20,0.0,198,8:59,5,31,41,35,53.9
336,Adam Henrique\henriad01,28,ANA,C,59,12,19,31,-7,16,2.7,6,6,0,2,15,3,1,92,13.0,986,16:43,46,49,420,362,53.7
337,Tomas Hertl\hertlto01,25,SJS,C,54,26,27,53,4,10,6.3,17,8,1,4,24,2,1,121,21.5,1017,18:50,45,35,422,366,53.6
338,Joe Hicketts\hickejo01,22,DET,D,8,0,0,0,-6,0,-0.2,0,0,0,0,0,0,0,9,0.0,137,17:06,13,15,0,0,
339,Thomas Hickey\hicketh01,29,NYI,D,32,0,4,4,8,22,2.5,0,0,0,0,3,0,1,37,0.0,610,19:04,56,34,0,0,
340,Vinnie Hinostroza\hinosvi01,24,ARI,C,48,9,13,22,-14,10,2.1,8,1,0,2,11,2,0,88,10.2,706,14:43,27,42,18,44,29.0
341,Roope Hintz\hintzro01,22,DAL,LW,34,3,5,8,-5,14,0.5,2,1,0,0,5,0,0,46,6.5,417,12:15,21,46,122,112,52.1
342,Nico Hischier\hischni01,20,NJD,C,55,17,25,42,6,10,5.0,14,3,0,3,19,6,0,125,13.6,999,18:10,34,43,351,436,44.6
343,Niklas Hjalmarsson\hjalmni01,31,ARI,D,58,0,7,7,6,36,4.2,0,0,0,0,5,0,2,40,0.0,1142,19:42,124,33,0,0,
344,Joshua Ho-Sang\hosanjo01,23,NYI,C,10,1,1,2,2,6,0.2,1,0,0,0,1,0,0,10,10.0,145,14:31,3,0,0,1,0.0
345,Mike Hoffman\hoffmmi02,29,FLA,C,57,26,23,49,-19,20,5.6,15,11,0,5,10,13,0,180,14.4,1025,17:59,14,27,7,19,26.9
346,Nick Holden\holdeni01,31,VEG,D,51,3,10,13,3,8,3.6,3,0,0,0,9,0,1,57,5.3,930,18:14,63,77,0,0,
347,Justin Holl\hollju01,27,TOR,D,2,0,0,0,-2,2,-0.1,0,0,0,0,0,0,0,0,,26,13:09,1,4,0,0,
348,Korbinian Holzer\holzeko01,30,ANA,D,2,0,1,1,0,0,0.2,0,0,0,0,1,0,0,1,0.0,32,15:53,3,4,0,0,
349,Julius Honka\honkaju01,23,DAL,D,29,0,4,4,-2,10,1.3,0,0,0,0,4,0,0,38,0.0,398,13:43,31,16,0,1,0.0
350,Patric Hornqvist\hornqpa01,32,PIT,RW,46,15,11,26,-5,16,2.8,11,4,0,2,9,2,0,126,11.9,708,15:23,20,95,4,9,30.8
351,Bo Horvat\horvabo01,23,VAN,C,60,20,25,45,-4,27,4.9,13,5,2,2,17,7,1,171,11.7,1260,21:00,50,40,789,698,53.1
352,Brett Howden\howdebr01,20,NYR,C,48,4,11,15,-13,4,0.6,4,0,0,1,9,2,0,51,7.8,719,14:59,33,41,272,269,50.3
353,Filip Hronek\hronefi01,21,DET,D,24,3,7,10,-6,24,1.5,2,1,0,0,6,0,1,44,6.8,438,18:15,15,25,0,0,
354,Jonathan Huberdeau\huberjo01,25,FLA,C,57,13,40,53,-24,28,4.5,7,6,0,2,24,16,0,147,8.8,1072,18:49,37,36,8,6,57.1
355,Charles Hudon\hudonch01,24,MTL,LW,31,3,2,5,-9,16,0.0,3,0,0,0,1,1,0,49,6.1,365,11:46,9,72,4,5,44.4
356,Brad Hunt\huntbr01,30,TOT,D,19,4,6,10,1,2,2.0,1,3,0,1,3,3,0,39,10.3,273,14:21,13,10,0,0,
356,Brad Hunt\huntbr01,30,VEG,D,13,2,5,7,3,2,1.5,1,1,0,1,2,3,0,28,7.1,197,15:10,10,7,0,0,
356,Brad Hunt\huntbr01,30,MIN,D,6,2,1,3,-2,0,0.5,0,2,0,0,1,0,0,11,18.2,75,12:34,3,3,0,0,
357,Dryden Hunt\huntdr01,23,FLA,LW,13,0,1,1,-4,4,-0.2,0,0,0,0,1,0,0,25,0.0,150,11:31,3,26,0,2,0.0
358,Matt Hunwick\hunwima01,33,BUF,D,6,0,0,0,-3,0,-0.1,0,0,0,0,0,0,0,4,0.0,96,16:00,3,4,0,0,
359,Ben Hutton\huttobe01,25,VAN,D,58,5,14,19,-14,37,3.7,4,1,0,1,6,7,1,95,5.3,1284,22:08,87,48,0,0,
360,Tomas Hyka\hykato01,25,VEG,RW,17,1,3,4,-2,2,0.2,1,0,0,0,1,2,0,22,4.5,200,11:46,5,6,1,1,50.0
361,Zach Hyman\hymanza01,26,TOR,C,48,10,14,24,10,55,2.5,9,0,1,2,14,0,0,93,10.8,826,17:13,28,82,73,76,49.0
362,Alex Iafallo\iafalal01,25,LAK,C,58,12,13,25,-10,18,2.3,10,2,0,2,10,3,0,110,10.9,979,16:53,36,55,5,16,23.8
363,Matt Irwin\irwinma01,31,NSH,D,29,1,4,5,7,32,1.8,1,0,0,0,4,0,0,36,2.8,343,11:49,26,56,0,0,
364,Mark Jankowski\jankoma01,24,CGY,C,55,10,13,23,6,8,2.4,6,0,4,1,10,0,3,70,14.3,695,12:38,40,24,295,261,53.1
365,Mattias Janmark\janmama02,26,DAL,C,58,5,14,19,-6,20,1.4,5,0,0,0,13,0,1,78,6.4,881,15:11,30,24,7,12,36.8
366,Calle Jarnkrok\jarnkca01,27,NSH,C,58,10,12,22,12,10,2.5,8,1,1,1,11,1,0,81,12.3,928,16:00,18,43,152,143,51.5
367,Christian Jaros\jarosch01,22,OTT,D,43,1,6,7,-11,19,0.8,1,0,0,0,5,1,0,45,2.2,596,13:52,59,80,0,0,
368,Dmitrij Jaskin\jaskidm01,25,WSH,RW,36,2,6,8,-4,6,0.2,2,0,0,0,6,0,0,47,4.3,364,10:06,14,83,0,3,0.0
369,Boone Jenner\jennebo01,25,CBJ,C,53,10,16,26,4,28,2.5,9,1,0,1,15,1,0,122,8.2,932,17:35,58,112,444,374,54.3
370,Nick Jensen\jenseni02,28,DET,D,59,2,13,15,1,17,3.6,2,0,0,0,12,0,1,65,3.1,1226,20:47,79,59,0,0,
371,Jakub Jerabek\jerabja01,27,STL,D,1,0,0,0,-3,2,-0.2,0,0,0,0,0,0,0,1,0.0,8,7:52,1,0,0,0,
372,Ryan Johansen\johanry01,26,NSH,C,59,11,42,53,7,28,5.3,11,0,0,3,28,13,1,109,10.1,1159,19:39,19,76,621,514,54.7
373,Marcus Johansson\johanma03,28,NJD,C,47,11,14,25,-15,8,2.1,9,2,0,1,7,7,0,95,11.6,770,16:23,14,23,13,30,30.2
374,Erik Johnson\johnser01,30,COL,D,56,5,14,19,5,30,4.0,5,0,0,0,14,0,0,117,4.3,1232,22:00,86,78,0,0,
375,Jack Johnson\johnsja02,32,PIT,D,59,1,11,12,-6,23,1.8,0,1,0,0,8,1,2,56,1.8,1122,19:02,104,174,0,0,
376,Luke Johnson\johnslu01,24,CHI,C,15,0,1,1,-8,8,-0.5,0,0,0,0,0,1,0,19,0.0,162,10:49,9,31,51,55,48.1
377,Tyler Johnson\johnsty01,28,TBL,C,57,21,16,37,11,20,4.7,19,1,1,3,9,7,0,117,17.9,926,16:15,23,37,167,189,46.9
378,Andreas Johnsson\johnsan01,24,TOR,LW,51,15,16,31,20,20,4.3,13,2,0,2,13,3,0,79,19.0,648,12:43,24,42,6,9,40.0
379,Ross Johnston\johnsro02,24,NYI,LW,13,0,3,3,2,23,0.3,0,0,0,0,3,0,0,7,0.0,93,7:08,1,24,0,0,
380,Henri Jokiharju\jokihhe01,19,CHI,D,37,0,12,12,-6,16,1.4,0,0,0,0,11,1,0,62,0.0,712,19:15,37,47,0,0,
381,Caleb Jones\jonesca01,21,EDM,D,17,1,5,6,-9,6,0.6,1,0,0,0,4,1,0,21,4.8,337,19:48,18,20,0,0,
382,Max Jones\jonesma03,20,ANA,LW,7,0,0,0,2,2,0.0,0,0,0,0,0,0,0,13,0.0,94,13:22,4,7,1,0,100.0
383,Seth Jones\jonesse01,24,CBJ,D,50,7,29,36,1,22,6.4,7,0,0,3,19,9,1,122,5.7,1295,25:54,85,60,0,0,
384,Mathieu Joseph\josepma01,21,TBL,RW,50,13,7,20,7,12,2.7,13,0,0,1,5,0,2,76,17.1,573,11:28,11,84,7,22,24.1
385,Roman Josi\josiro01,28,NSH,D,61,11,35,46,7,22,9.2,9,2,0,2,26,8,1,207,5.3,1533,25:08,98,37,0,0,
386,Tyson Jost\jostty01,20,COL,C,46,6,9,15,-6,8,0.9,2,4,0,1,8,1,0,66,9.1,606,13:10,19,29,37,64,36.6
387,Noah Juulsen\juulsno01,21,MTL,D,21,1,4,5,5,6,1.5,1,0,0,0,4,0,0,22,4.5,359,17:07,39,60,0,0,
388,Nazem Kadri\kadrina01,28,TOR,C,58,15,20,35,1,31,3.6,11,4,0,5,13,7,0,151,9.9,957,16:30,10,56,300,262,53.4
389,Dominik Kahun\kahundo01,23,CHI,C,59,11,18,29,5,0,2.7,10,1,0,1,17,1,0,103,10.7,848,14:23,18,10,16,25,39.0
390,Vladislav Kamenev\kamenvl01,22,COL,LW,23,2,3,5,-2,10,0.3,0,1,1,0,3,0,0,22,9.1,208,9:02,4,20,59,59,50.0
391,David Kampf\kampfda01,24,CHI,C,50,3,13,16,-5,8,0.5,3,0,0,0,13,0,0,62,4.8,724,14:29,25,27,221,267,45.3
392,Steven Kampfer\kampfst01,30,BOS,D,25,2,1,3,-6,20,1.0,2,0,0,0,0,1,0,23,8.7,364,14:34,24,35,0,0,
393,Evander Kane\kaneev01,27,SJS,LW,59,26,24,50,3,109,5.9,22,4,0,1,17,6,1,223,11.7,1091,18:29,20,128,74,102,42.0
394,Patrick Kane\kanepa01,30,CHI,RW,58,35,52,87,2,18,10.0,26,9,0,5,35,17,0,234,15.0,1292,22:17,13,15,1,1,50.0
395,Kasperi Kapanen\kapanka01,22,TOR,RW,58,18,18,36,13,18,4.4,16,1,1,3,17,1,0,125,14.4,955,16:28,12,64,5,2,71.4
396,Erik Karlsson\karlser01,28,SJS,D,48,3,41,44,6,20,6.7,1,2,0,1,24,17,0,154,1.9,1199,24:59,67,41,1,1,50.0
397,Melker Karlsson\karlsme01,28,SJS,C,59,9,4,13,-2,24,1.1,9,0,0,2,4,0,0,65,13.8,666,11:17,31,47,13,8,61.9
398,William Karlsson\karlswi01,26,VEG,C,60,18,20,38,-7,12,4.0,12,5,1,3,13,6,1,120,15.0,1156,19:16,40,32,408,457,47.2
399,Ondrej Kase\kaseon01,23,ANA,RW,30,11,9,20,0,2,2.5,10,1,0,2,6,3,0,94,11.7,470,15:39,11,17,9,18,33.3
400,Zack Kassian\kassiza01,28,EDM,RW,55,8,7,15,-6,82,1.1,7,0,1,1,7,0,0,72,11.1,733,13:20,7,140,0,5,0.0
401,Duncan Keith\keithdu01,35,CHI,D,59,3,22,25,8,64,4.7,3,0,0,0,20,2,0,102,2.9,1342,22:44,105,35,0,0,
402,Clayton Keller\kellecl01,20,ARI,C,58,11,27,38,-15,20,3.7,10,1,0,4,12,15,0,140,7.9,1084,18:41,16,9,25,48,34.2
403,Adrian Kempe\kempead01,22,LAK,LW,57,9,12,21,-11,30,1.8,9,0,0,1,9,3,0,90,10.0,788,13:49,14,59,216,287,42.9
404,Mario Kempe\kempema01,30,ARI,C,35,3,4,7,6,10,1.0,3,0,0,0,4,0,0,37,8.1,392,11:12,23,73,79,155,33.8
405,Michal Kempny\kempnmi01,28,WSH,D,56,5,13,18,20,48,4.4,5,0,0,3,13,0,0,91,5.5,1093,19:31,120,64,0,0,
406,Alexander Kerfoot\kerfoal01,24,COL,C,54,10,19,29,-12,30,2.2,8,2,0,0,12,7,0,78,12.8,759,14:03,21,14,202,165,55.0
407,Ryan Kesler\keslery01,34,ANA,C,51,4,2,6,-21,34,-0.8,3,1,0,1,0,2,0,70,5.7,856,16:47,49,72,502,395,56.0
408,Phil Kessel\kesseph01,31,PIT,RW,59,21,41,62,-16,18,6.0,13,8,0,6,24,17,0,145,14.5,1066,18:04,14,10,3,5,37.5
409,Jujhar Khaira\khairju01,24,EDM,LW,53,3,13,16,-8,38,0.8,2,0,1,0,12,0,1,53,5.7,666,12:34,31,108,47,68,40.9
410,Alex Killorn\killoal01,29,TBL,C,59,12,18,30,17,37,3.4,10,2,0,1,14,3,1,119,10.1,898,15:13,17,69,2,6,25.0
411,Bogdan Kiselevich\kiselbo01,28,FLA,D,32,0,8,8,-3,12,1.5,0,0,0,0,8,0,0,14,0.0,475,14:51,21,49,0,0,
412,Oscar Klefbom\klefbos01,25,EDM,D,37,3,14,17,-4,10,3.2,2,1,0,2,8,6,0,109,2.8,929,25:06,65,22,0,0,
413,John Klingberg\klingjo01,26,DAL,D,40,7,20,27,7,10,6.4,3,4,0,3,11,9,0,104,6.7,993,24:49,53,26,0,0,
414,Justin Kloos\kloosju01,25,ANA,C,1,0,0,0,0,0,0.0,0,0,0,0,0,0,0,2,0.0,7,7:04,0,2,0,0,
415,Corban Knight\knighco01,28,PHI,C,3,0,0,0,0,0,0.0,0,0,0,0,0,0,0,2,0.0,22,7:16,1,3,5,3,62.5
416,Slater Koekkoek\koekksl01,24,TOT,D,17,1,1,2,0,6,0.6,1,0,0,0,1,0,0,28,3.6,260,15:19,22,30,0,0,
416,Slater Koekkoek\koekksl01,24,TBL,D,9,1,0,1,0,4,0.4,1,0,0,0,0,0,0,15,6.7,129,14:20,12,8,0,0,
416,Slater Koekkoek\koekksl01,24,CHI,D,8,0,1,1,0,2,0.2,0,0,0,0,1,0,0,13,0.0,131,16:25,10,22,0,0,
417,Mikko Koivu\koivumi01,35,MIN,C,48,8,21,29,-2,22,2.6,6,2,0,0,10,10,1,89,9.0,878,18:18,32,13,488,406,54.6
418,Leo Komarov\komarle01,32,NYI,C,58,6,13,19,17,32,2.4,6,0,0,1,13,0,0,52,11.5,824,14:13,23,138,46,58,44.2
419,Travis Konecny\konectr01,21,PHI,C,59,17,18,35,-3,27,4.0,13,4,0,3,14,4,0,131,13.0,896,15:11,32,46,5,12,29.4
420,Anze Kopitar\kopitan01,31,LAK,C,57,17,26,43,-4,26,4.5,15,0,2,2,14,12,0,116,14.7,1280,22:28,49,41,705,593,54.3
421,Kalle Kossila\kossika01,25,ANA,LW,8,1,0,1,-1,4,0.1,1,0,0,1,0,0,0,11,9.1,82,10:18,3,5,30,28,51.7
422,Jesperi Kotkaniemi\kotkaje01,18,MTL,C,59,10,17,27,2,24,2.6,9,1,0,1,13,4,0,100,10.0,835,14:09,28,40,285,336,45.9
423,Ilya Kovalchuk\kovalil01,35,LAK,LW,48,12,15,27,-18,10,2.4,8,4,0,1,10,5,0,110,10.9,808,16:49,17,22,13,20,39.4
424,Chris Kreider\kreidch01,27,NYR,C,58,24,21,45,7,34,6.0,17,7,0,1,17,4,0,160,15.0,1014,17:29,33,124,15,30,33.3
425,David Krejci\krejcda01,32,BOS,C,59,14,35,49,2,16,5.4,10,4,0,2,27,8,0,97,14.4,1045,17:43,23,16,413,427,49.2
426,Niklas Kronwall\kronwni01,38,DET,D,57,2,14,16,6,34,4.0,1,1,0,0,12,2,0,63,3.2,1142,20:02,74,59,0,0,
427,Torey Krug\krugto01,27,BOS,D,48,5,36,41,2,27,7.3,4,1,0,2,12,24,0,111,4.5,1032,21:29,42,40,0,0,
428,Marcus Kruger\krugema01,28,CHI,C,52,4,5,9,-1,20,0.3,4,0,0,2,4,0,1,48,8.3,557,10:42,27,39,148,166,47.1
429,Nikita Kucherov\kucheni01,25,TBL,RW,59,27,67,94,13,34,10.7,16,11,0,4,41,26,0,163,16.6,1153,19:32,26,29,0,2,0.0
430,Karson Kuhlman\kuhlmka01,23,BOS,C,1,0,0,0,0,0,0.0,0,0,0,0,0,0,0,0,,10,9:47,0,0,0,0,
431,Tom Kuhnhackl\kuhnhto01,27,NYI,RW,23,3,4,7,2,6,0.8,3,0,0,0,3,0,1,19,15.8,298,12:58,24,35,0,1,0.0
432,Dean Kukan\kukande01,25,CBJ,D,11,0,2,2,-2,4,0.3,0,0,0,0,2,0,0,5,0.0,140,12:46,7,9,0,0,
433,Brett Kulak\kulakbr01,25,MTL,D,35,3,3,6,3,13,2.1,2,0,1,1,3,0,0,60,5.0,604,17:15,42,65,0,0,
434,Dmitry Kulikov\kulikdm01,28,WPG,D,34,0,4,4,2,14,1.4,0,0,0,0,4,0,0,20,0.0,490,14:25,40,52,0,0,
435,Luke Kunin\kuninlu01,21,MIN,C,28,4,8,12,0,11,1.1,4,0,0,0,8,0,0,44,9.1,402,14:20,16,45,10,15,40.0
436,Chris Kunitz\kunitch01,39,CHI,LW,35,1,3,4,-10,21,-0.4,1,0,0,0,3,0,0,26,3.8,328,9:23,7,52,2,5,28.6
437,Janne Kuokkanen\kuokkja01,20,CAR,C,7,0,0,0,-2,4,-0.1,0,0,0,0,0,0,0,6,0.0,76,10:55,3,0,0,0,
438,Sean Kuraly\kuralse01,26,BOS,C,58,6,10,16,5,34,1.7,6,0,0,2,10,0,0,114,5.3,793,13:41,27,114,229,200,53.4
439,Evgeny Kuznetsov\kuzneev01,26,WSH,C,53,15,39,54,4,46,5.2,7,8,0,2,28,11,0,149,10.1,999,18:51,15,35,282,449,38.6
440,Oliver Kylington\kylinol01,21,CGY,D,32,3,4,7,2,10,1.5,3,0,0,1,4,0,0,17,17.6,379,11:51,34,10,0,0,
441,Jordan Kyrou\kyroujo01,20,STL,C,16,1,2,3,-1,4,0.2,1,0,0,0,2,0,0,16,6.3,155,9:40,3,2,2,0,100.0
442,Joel L'Esperance\lespejo01,23,DAL,RW,1,0,0,0,0,0,0.0,0,0,0,0,0,0,0,1,0.0,16,15:53,1,2,2,2,50.0
443,Kevin Labanc\labanke01,23,SJS,RW,59,11,27,38,-4,30,3.4,9,2,0,2,15,12,0,95,11.6,800,13:34,11,43,6,9,40.0
444,Andrew Ladd\laddan01,33,NYI,LW,14,3,4,7,3,10,0.9,3,0,0,0,3,0,1,21,14.3,194,13:50,5,17,2,2,50.0
445,Paul Ladue\laduepa01,26,LAK,D,22,2,1,3,2,12,1.2,2,0,0,1,1,0,0,23,8.7,277,12:35,18,30,0,0,
446,Patrik Laine\lainepa01,20,WPG,RW,59,25,11,36,-17,28,4.2,14,11,0,3,8,3,0,193,13.0,1000,16:57,36,46,10,16,38.5
447,Maxime Lajoie\lajoima01,21,OTT,D,53,7,8,15,-21,18,2.1,3,4,0,0,4,4,0,72,9.7,1009,19:03,80,32,0,0,
448,Juho Lammikko\lammiju01,23,FLA,RW,40,0,6,6,-7,6,-0.2,0,0,0,0,5,0,1,39,0.0,437,10:56,21,45,142,190,42.8
449,Gabriel Landeskog\landega01,26,COL,LW,58,30,28,58,10,43,7.2,20,10,0,9,18,10,0,195,15.4,1241,21:24,48,89,290,264,52.3
450,Nick Lappin\lappini01,26,NJD,RW,3,0,0,0,-2,0,-0.1,0,0,0,0,0,0,0,2,0.0,37,12:13,2,4,3,0,100.0
451,Dylan Larkin\larkidy01,22,DET,C,59,24,31,55,-7,49,5.9,16,6,2,4,25,5,1,224,10.7,1291,21:53,31,68,678,573,54.2
452,Adam Larsson\larssad01,26,EDM,D,58,2,13,15,-16,36,2.6,2,0,0,0,12,0,1,74,2.7,1280,22:05,92,179,0,0,
453,Jacob Larsson\larssja01,21,ANA,D,38,0,2,2,-11,10,0.5,0,0,0,0,2,0,0,40,0.0,618,16:16,44,31,0,0,
454,Johan Larsson\larssjo02,26,BUF,LW,50,5,4,9,-4,25,0.2,4,0,1,0,4,0,0,59,8.5,728,14:34,28,70,358,332,51.9
455,Scott Laughton\laughsc01,24,PHI,C,59,8,14,22,2,45,2.1,8,0,0,0,12,0,2,84,9.5,854,14:28,24,99,233,168,58.1
456,Jeremy Lauzon\lauzoje01,21,BOS,D,15,1,0,1,-1,2,0.7,1,0,0,1,0,0,0,10,10.0,233,15:32,15,12,0,0,
457,Nick Leddy\leddyni01,27,NYI,D,58,1,18,19,0,14,5.1,1,0,0,0,8,10,0,77,1.3,1279,22:03,53,59,0,0,
458,Anders Lee\leean01,28,NYI,C,58,19,20,39,12,50,5.4,11,8,0,3,15,5,0,145,13.1,994,17:08,40,69,57,57,50.0
459,Artturi Lehkonen\lehkoar01,23,MTL,LW,59,7,17,24,9,22,2.1,7,0,0,3,17,0,0,124,5.6,932,15:48,27,84,4,13,23.5
460,Jori Lehtera\lehtejo01,31,PHI,C,27,1,2,3,-7,33,-0.2,1,0,0,0,2,0,0,17,5.9,246,9:07,7,29,79,67,54.1
461,Brendan Leipsic\leipsbr01,24,TOT,LW,48,4,13,17,-13,22,0.9,4,0,0,1,10,3,0,76,5.3,663,13:48,23,37,5,6,45.5
461,Brendan Leipsic\leipsbr01,24,LAK,LW,31,2,10,12,-3,20,0.8,2,0,0,0,9,1,0,40,5.0,445,14:21,20,26,2,4,33.3
461,Brendan Leipsic\leipsbr01,24,VAN,LW,17,2,3,5,-10,2,0.1,2,0,0,1,1,2,0,36,5.6,218,12:50,3,11,3,2,60.0
462,Josh Leivo\leivojo01,25,TOT,LW,55,11,7,18,6,30,2.2,9,2,0,2,4,3,0,97,11.3,689,12:31,14,36,12,22,35.3
462,Josh Leivo\leivojo01,25,VAN,LW,28,7,5,12,5,23,1.6,7,0,0,0,3,2,0,59,11.9,404,14:26,9,14,1,5,16.7
462,Josh Leivo\leivojo01,25,TOR,LW,27,4,2,6,1,7,0.6,2,2,0,2,1,1,0,38,10.5,284,10:32,5,22,11,17,39.3
463,Brendan Lemieux\lemiebr01,22,WPG,LW,43,9,2,11,11,54,2.0,9,0,0,1,2,0,0,34,26.5,315,7:19,15,77,3,6,33.3
464,Kris Letang\letankr01,31,PIT,D,57,15,37,52,11,30,8.8,12,2,1,3,20,16,1,178,8.4,1501,26:20,101,110,0,0,
465,Mark Letestu\letesma01,33,CBJ,C,2,0,0,0,-1,0,-0.1,0,0,0,0,0,0,0,1,0.0,19,9:20,0,3,5,1,83.3
466,Vinni Lettieri\lettivi01,23,NYR,C,18,0,0,0,-5,10,-0.4,0,0,0,0,0,0,0,21,0.0,155,8:38,9,20,6,4,60.0
467,Tyler Lewington\lewinty01,24,WSH,D,2,1,1,2,3,7,0.5,1,0,0,0,1,0,0,3,33.3,28,13:48,1,4,0,0,
468,Trevor Lewis\lewistr01,32,LAK,C,20,2,3,5,-7,2,0.2,2,0,0,0,3,0,0,41,4.9,274,13:41,10,26,15,20,42.9
469,Oscar Lindberg\lindbos02,27,VEG,C,32,4,8,12,5,24,1.3,4,0,0,0,7,1,0,61,6.6,382,11:57,14,61,13,16,44.8
470,Oskar Lindblom\lindbos01,22,PHI,LW,58,10,12,22,-1,18,2.3,9,1,0,2,11,1,0,100,10.0,728,12:33,34,49,3,5,37.5
471,Esa Lindell\lindees01,24,DAL,D,58,8,16,24,3,27,7.0,4,2,2,1,13,3,0,97,8.2,1411,24:20,98,107,0,0,
472,Ryan Lindgren\lindgry01,20,NYR,D,3,0,0,0,-1,6,0.0,0,0,0,0,0,0,0,3,0.0,41,13:43,4,9,0,0,
473,Anton Lindholm\lindhan01,24,COL,D,2,0,0,0,-1,0,-0.1,0,0,0,0,0,0,0,0,,14,7:11,1,1,0,0,
474,Elias Lindholm\lindhel01,24,CGY,C,58,25,41,66,26,16,8.0,16,8,1,5,23,16,2,140,17.9,1184,20:25,29,56,384,327,54.0
475,Hampus Lindholm\lindhha01,25,ANA,D,53,4,17,21,-14,24,3.8,3,1,0,0,12,5,0,97,4.1,1308,24:41,95,73,0,0,
476,Par Lindholm\lindhpa01,27,TOR,C,58,1,11,12,5,18,0.4,1,0,0,0,11,0,0,60,1.7,676,11:40,52,53,198,189,51.2
477,Bryan Little\littlbr01,31,WPG,RW,59,14,23,37,-3,20,3.8,10,4,0,5,18,3,2,97,14.4,942,15:58,18,41,406,380,51.7
478,Ryan Lomberg\lombery01,24,CGY,LW,4,0,0,0,0,17,0.0,0,0,0,0,0,0,0,1,0.0,28,6:59,0,12,0,0,
479,Ben Lovejoy\lovejbe01,34,NJD,D,50,2,5,7,2,33,2.6,2,0,0,0,5,0,0,67,3.0,879,17:34,75,55,0,0,
480,Adam Lowry\lowryad01,25,WPG,LW,57,7,8,15,2,22,1.2,6,0,1,2,6,0,2,78,9.0,847,14:51,36,163,516,377,57.8
481,Milan Lucic\lucicmi01,30,EDM,LW,58,5,9,14,-11,65,0.5,3,2,0,0,7,2,0,55,9.1,783,13:30,11,202,16,15,51.6
482,Matt Luff\luffma01,21,LAK,RW,30,7,3,10,-1,9,1.3,6,1,0,2,3,0,0,41,17.1,342,11:24,18,15,1,3,25.0
483,Isac Lundestrom\lundeis01,19,ANA,C,15,0,2,2,-1,2,-0.1,0,0,0,0,2,0,0,13,0.0,195,13:02,5,4,21,43,32.8
484,Ilya Lyubushkin\lyubuil01,24,ARI,D,34,0,4,4,-11,6,0.8,0,0,0,0,4,0,0,24,0.0,468,13:46,52,125,0,0,
485,Olli Maatta\maattol01,24,PIT,D,55,1,12,13,7,10,2.8,0,1,0,1,9,3,0,65,1.5,1020,18:32,111,90,0,0,
486,Andrew MacDonald\macdoan01,32,PHI,D,38,0,8,8,-3,16,1.8,0,0,0,0,6,0,2,35,0.0,662,17:26,81,24,0,0,
487,Jacob MacDonald\macdoja02,25,FLA,D,2,1,0,1,1,0,0.3,1,0,0,0,0,0,0,1,100.0,24,12:03,1,1,0,0,
488,Mackenzie MacEachern\maceama01,24,STL,LW,15,3,1,4,4,6,0.8,3,0,0,1,1,0,0,18,16.7,120,8:01,2,27,0,0,
489,Zack MacEwen\macewza01,22,VAN,C,4,0,1,1,-4,5,-0.1,0,0,0,0,1,0,0,2,0.0,29,7:11,1,4,0,1,0.0
490,Derek MacKenzie\mackede01,37,FLA,C,1,0,0,0,0,0,0.0,0,0,0,0,0,0,0,0,,3,2:43,0,0,2,1,66.7
491,Nathan MacKinnon\mackina01,23,COL,C,58,29,46,75,13,26,8.8,22,7,0,3,25,21,0,251,11.6,1269,21:53,21,37,361,483,42.8
492,Saku Maenalanen\maenasa01,24,CAR,RW,22,4,3,7,2,6,1.0,4,0,0,0,3,0,0,27,14.8,211,9:36,6,30,4,12,25.0
493,Josh Mahura\mahurjo01,20,ANA,D,17,1,4,5,0,4,1.0,1,0,0,0,1,3,0,20,5.0,243,14:18,18,6,0,0,
494,Denis Malgin\malgide01,22,FLA,C,43,7,7,14,-8,12,1.2,7,0,0,0,7,0,0,58,12.1,557,12:57,19,32,33,51,39.3
495,Evgeni Malkin\malkiev01,32,PIT,C,53,18,43,61,-19,63,5.6,10,8,0,3,30,13,0,145,12.4,994,18:45,25,38,297,365,44.9
496,Brad Malone\malonbr01,29,EDM,C,7,0,0,0,-1,0,-0.1,0,0,0,0,0,0,0,9,0.0,67,9:31,3,13,20,26,43.5
497,Maxim Mamin\maminma01,24,FLA,C,7,0,0,0,-2,5,-0.1,0,0,0,0,0,0,0,8,0.0,51,7:21,1,10,0,1,0.0
498,Andrew Mangiapane\mangian01,22,CGY,LW,20,2,2,4,0,4,0.3,2,0,0,0,2,0,0,24,8.3,191,9:32,5,23,4,1,80.0
499,Brandon Manning\mannibr01,28,TOT,D,39,2,2,4,-15,25,0.2,2,0,0,0,2,0,0,33,6.1,579,14:50,40,63,0,0,
499,Brandon Manning\mannibr01,28,CHI,D,27,1,2,3,-14,21,-0.2,1,0,0,0,2,0,0,23,4.3,418,15:28,23,50,0,0,
499,Brandon Manning\mannibr01,28,EDM,D,12,1,0,1,-1,4,0.4,1,0,0,0,0,0,0,10,10.0,161,13:25,17,13,0,0,
500,Josh Manson\mansojo01,27,ANA,D,55,3,8,11,-8,48,3.0,3,0,0,0,8,0,0,73,4.1,1237,22:29,65,138,0,0,
501,Anthony Mantha\manthan01,24,DET,RW,45,14,10,24,-8,24,2.4,12,2,0,0,7,3,0,126,11.1,781,17:21,12,46,15,20,42.9
502,Brad Marchand\marchbr03,30,BOS,LW,58,23,47,70,13,86,8.7,15,7,1,6,29,17,1,167,13.8,1148,19:47,14,37,39,53,42.4
503,Jon Marchessault\audymjo01,28,VEG,C,60,19,21,40,-6,28,4.4,14,5,0,4,12,9,0,217,8.8,1123,18:43,14,72,80,139,36.5
504,Martin Marincin\marinma01,26,TOR,D,10,0,2,2,-1,8,0.3,0,0,0,0,2,0,0,15,0.0,151,15:07,9,8,0,1,0.0
505,Patrick Marleau\marlepa01,39,TOR,C,58,13,16,29,-6,18,2.5,10,3,0,3,12,4,0,112,11.6,978,16:51,32,52,67,64,51.1
506,Mitch Marner\marnemi01,21,TOR,C,58,21,48,69,18,20,7.9,17,3,1,4,34,13,1,155,13.5,1142,19:42,29,23,4,4,50.0
507,Cooper Marody\marodco01,22,EDM,C,6,0,0,0,-1,0,-0.1,0,0,0,0,0,0,0,6,0.0,41,6:55,0,0,9,17,34.6
508,Pat Maroon\maroopa01,30,STL,LW,50,4,12,16,-7,52,1.2,3,1,0,2,5,7,0,81,4.9,707,14:09,5,96,2,2,50.0
509,Danick Martel\marteda01,24,TBL,LW,7,0,2,2,4,6,0.2,0,0,0,0,2,0,0,12,0.0,68,9:41,0,10,0,1,0.0
510,Matt Martin\martima02,29,NYI,LW,47,5,7,12,8,34,1.5,5,0,0,1,7,0,0,41,12.2,525,11:10,29,194,5,6,45.5
511,Alec Martinez\martial01,31,LAK,D,43,4,11,15,4,6,4.1,4,0,0,2,10,1,0,54,7.4,903,21:00,99,60,0,0,
512,Jordan Martinook\martijo01,26,CAR,LW,59,12,5,17,3,22,2.4,11,0,1,4,5,0,0,113,10.6,870,14:45,34,138,109,130,45.6
513,Andreas Martinsen\martian01,28,CHI,LW,24,1,3,4,-5,14,0.0,1,0,0,0,3,0,0,21,4.8,190,7:56,9,83,3,4,42.9
514,Mike Matheson\mathemi01,24,FLA,D,55,5,15,20,-23,32,3.1,5,0,0,2,9,6,0,96,5.2,1222,22:13,85,40,0,1,0.0
515,Auston Matthews\matthau01,21,TOR,C,44,27,26,53,-1,4,6.7,17,10,0,4,21,5,0,145,18.6,806,18:20,36,9,319,298,51.7
516,Scott Mayfield\mayfisc01,26,NYI,D,56,3,14,17,16,48,5.8,2,0,1,0,14,0,0,71,4.2,1047,18:42,112,75,0,0,
517,Charlie McAvoy\mcavoch01,21,BOS,D,32,3,13,16,11,20,4.4,3,0,0,1,13,0,0,44,6.8,691,21:35,54,57,0,0,
518,Jake McCabe\mccabja01,25,BUF,D,48,4,10,14,-4,33,2.8,3,0,1,0,10,0,0,52,7.7,902,18:47,78,78,0,1,0.0
519,Jared McCann\mccanja01,22,TOT,C,55,11,10,21,-9,27,1.9,8,1,2,1,8,2,0,94,11.7,765,13:55,31,50,249,291,46.1
519,Jared McCann\mccanja01,22,FLA,C,46,8,10,18,-9,18,1.5,6,1,1,1,8,2,0,78,10.3,647,14:04,21,45,192,229,45.6
519,Jared McCann\mccanja01,22,PIT,C,9,3,0,3,0,9,0.4,2,0,1,0,0,0,0,16,18.8,118,13:08,10,5,57,62,47.9
520,Max McCormick\mccorma01,26,OTT,LW,14,1,0,1,-6,4,-0.2,1,0,0,0,0,0,0,12,8.3,105,7:30,6,21,0,1,0.0
521,Ian McCoshen\mccosia01,23,FLA,D,10,0,0,0,0,2,0.2,0,0,0,0,0,0,0,6,0.0,118,11:48,4,18,0,0,
522,Connor McDavid\mcdavco01,22,EDM,C,57,31,52,83,-2,16,9.7,23,8,0,7,33,19,0,182,17.0,1307,22:56,21,29,310,359,46.3
523,Ryan McDonagh\mcdonry01,29,TBL,D,59,5,24,29,26,26,7.0,5,0,0,0,20,2,2,90,5.6,1285,21:47,102,63,0,0,
524,Brock McGinn\mcginbr01,24,CAR,LW,59,7,13,20,8,16,2.3,6,0,1,0,13,0,0,93,7.5,861,14:35,27,103,21,23,47.7
525,Jamie McGinn\mcginja01,30,FLA,LW,1,0,0,0,-1,0,0.0,0,0,0,0,0,0,0,0,,10,9:42,0,1,0,0,
526,Greg McKegg\mckeggr01,26,CAR,C,20,4,4,8,3,6,1.1,4,0,0,1,4,0,0,19,21.1,234,11:42,9,9,81,84,49.1
527,Cody McLeod\mcleoco01,34,TOT,LW,34,1,0,1,-11,67,-0.5,1,0,0,0,0,0,0,21,4.8,223,6:34,9,101,0,1,0.0
527,Cody McLeod\mcleoco01,34,NYR,LW,31,1,0,1,-10,60,-0.4,1,0,0,0,0,0,0,21,4.8,211,6:49,9,96,0,1,0.0
527,Cody McLeod\mcleoco01,34,NSH,LW,3,0,0,0,-1,7,-0.1,0,0,0,0,0,0,0,0,,12,4:05,0,5,0,0,
528,Michael McLeod\mcleomi01,20,NJD,C,1,0,0,0,0,0,0.0,0,0,0,0,0,0,0,0,,6,5:36,0,0,1,5,16.7
529,Brayden McNabb\mcnabbr01,28,VEG,D,60,2,11,13,9,42,4.4,2,0,0,1,11,0,0,56,3.6,1181,19:41,115,150,0,0,
530,Adam McQuaid\mcquaad01,32,NYR,D,34,2,3,5,3,31,1.9,2,0,0,0,2,0,1,19,10.5,604,17:45,73,96,0,0,
531,Wade Megan\meganwa01,28,DET,C,11,0,1,1,-4,2,-0.2,0,0,0,0,1,0,0,16,0.0,87,7:53,4,4,28,23,54.9
532,Jaycob Megna\megnaja02,26,ANA,D,6,0,1,1,-1,0,0.1,0,0,0,0,1,0,0,6,0.0,68,11:17,5,2,0,0,
533,Timo Meier\meierti01,22,SJS,RW,56,21,30,51,17,43,6.2,17,4,0,2,25,4,1,184,11.4,951,16:59,31,62,11,21,34.4
534,Dakota Mermis\mermida01,25,ARI,D,1,0,0,0,1,0,0.1,0,0,0,0,0,0,0,0,,11,11:20,0,0,0,0,
535,Jonathon Merrill\merrijo01,26,VEG,D,37,2,7,9,8,41,2.9,1,0,1,0,7,0,0,48,4.2,642,17:21,54,48,0,0,
536,Victor Mete\metevi01,20,MTL,D,48,0,8,8,16,4,3.3,0,0,0,0,8,0,0,44,0.0,822,17:07,67,10,0,0,
537,Marc Methot\methoma01,33,DAL,D,9,0,0,0,-3,6,0.2,0,0,0,0,0,0,0,3,0.0,152,16:56,10,15,0,0,
538,Jacob Middleton\middlja01,23,SJS,D,1,0,0,0,-1,0,-0.1,0,0,0,0,0,0,0,0,,5,5:02,1,0,0,0,
539,Sonny Milano\milanso01,22,CBJ,LW,8,1,0,1,0,0,0.1,1,0,0,0,0,0,0,5,20.0,67,8:19,0,5,0,0,
540,Colin Miller\milleco02,26,VEG,D,47,2,21,23,-2,28,4.1,1,1,0,0,11,10,0,87,2.3,951,20:14,53,89,0,0,
541,J.T. Miller\millejt01,25,TBL,C,53,9,23,32,2,14,3.0,6,3,0,3,13,10,0,76,11.8,773,14:35,15,80,173,189,47.8
542,Kevan Miller\milleke03,31,BOS,D,33,0,5,5,4,31,2.3,0,0,0,0,5,0,0,31,0.0,587,17:47,66,62,0,0,
543,Casey Mittelstadt\mitteca01,20,BUF,C,56,8,11,19,-6,8,1.4,6,2,0,1,5,6,0,82,9.8,754,13:28,12,19,162,239,40.4
544,Sean Monahan\monahse01,24,CGY,C,58,29,37,66,8,10,7.8,17,12,0,4,30,7,0,172,16.9,1140,19:39,18,27,353,346,50.5
545,Brandon Montour\montobr01,24,ANA,D,59,5,20,25,-14,40,4.3,5,0,0,2,17,3,0,120,4.2,1354,22:57,92,66,0,0,
546,John Moore\moorejo01,28,BOS,D,47,3,7,10,-3,22,3.4,1,2,0,1,7,0,0,77,3.9,912,19:24,70,65,0,0,
547,Trevor Moore\mooretr01,23,TOR,LW,7,1,2,3,1,0,0.3,1,0,0,0,2,0,0,5,20.0,60,8:38,2,3,0,0,
548,Josh Morrissey\morrijo04,23,WPG,D,56,6,25,31,12,14,6.7,2,3,1,2,17,7,1,93,6.5,1263,22:33,103,53,0,0,
549,Joseph Morrow\morrojo02,26,WPG,D,39,1,5,6,2,15,1.7,1,0,0,0,5,0,0,40,2.5,542,13:54,36,33,0,0,
550,Tyler Motte\mottety01,23,VAN,C,58,7,7,14,-7,4,1.0,5,0,2,0,7,0,0,83,8.4,753,12:59,43,157,13,23,36.1
551,Mirco Mueller\muellmi01,23,NJD,D,42,1,7,8,-6,17,1.8,1,0,0,0,7,0,0,33,3.0,772,18:23,45,62,0,0,
552,Connor Murphy\murphco02,25,CHI,D,29,2,6,8,9,32,2.2,2,0,0,0,6,0,0,44,4.5,568,19:36,44,72,0,0,
553,Ryan Murphy\murphry01,25,TOT,D,3,0,1,1,1,0,0.2,0,0,0,0,0,1,0,1,0.0,34,11:10,3,1,0,0,
553,Ryan Murphy\murphry01,25,MIN,D,2,0,0,0,1,0,0.1,0,0,0,0,0,0,0,1,0.0,19,9:37,2,1,0,0,
553,Ryan Murphy\murphry01,25,NJD,D,1,0,1,1,0,0,0.1,0,0,0,0,0,1,0,0,,14,14:17,1,0,0,0,
554,Ryan Murray\murrary01,25,CBJ,D,55,1,28,29,20,10,6.3,1,0,0,0,27,1,0,70,1.4,1197,21:46,93,26,0,0,
555,Jake Muzzin\muzzija01,29,TOT,D,59,5,20,25,16,35,6.7,4,1,0,0,17,2,1,94,5.3,1244,21:05,110,131,0,0,
555,Jake Muzzin\muzzija01,29,LAK,D,50,4,17,21,10,33,5.5,4,0,0,0,15,2,0,78,5.1,1076,21:32,92,111,0,0,
555,Jake Muzzin\muzzija01,29,TOR,D,9,1,3,4,6,2,1.2,0,1,0,0,2,0,1,16,6.3,168,18:37,18,20,0,0,
556,Philippe Myers\myersph01,22,PHI,D,1,0,0,0,1,0,0.1,0,0,0,0,0,0,0,1,0.0,10,9:53,2,2,0,0,
557,Tyler Myers\myersty01,28,WPG,D,57,7,14,21,9,47,5.3,6,0,1,1,8,5,1,113,6.2,1136,19:56,70,64,0,0,
558,Vladislav Namestnikov\namesvl01,26,NYR,C,54,6,13,19,-11,26,1.1,5,0,1,1,10,1,2,81,7.4,812,15:02,41,92,15,23,39.5
559,Riley Nash\nashri02,29,CBJ,C,56,1,6,7,-7,19,-0.3,1,0,0,1,6,0,0,55,1.8,582,10:23,28,45,125,153,45.0
560,James Neal\nealja01,31,CGY,LW,55,5,10,15,-10,24,0.3,4,1,0,1,6,4,0,122,4.1,826,15:01,17,37,5,6,45.5
561,Martin Necas\necasma01,20,CAR,C,7,1,1,2,0,2,0.2,1,0,0,0,1,0,0,6,16.7,70,10:01,2,3,16,28,36.4
562,Brock Nelson\nelsobr01,27,NYI,C,58,18,19,37,15,20,5.1,16,1,1,2,15,4,0,122,14.8,1052,18:08,43,30,436,463,48.5
563,Casey Nelson\nelsoca01,26,BUF,D,22,1,4,5,6,4,1.5,1,0,0,0,4,0,0,17,5.9,324,14:42,20,17,0,0,
564,Patrik Nemeth\nemetpa01,26,COL,D,50,1,4,5,3,39,1.6,1,0,0,0,4,0,0,34,2.9,836,16:44,87,97,1,0,100.0
565,Valeri Nichushkin\nichuva01,23,DAL,RW,41,0,7,7,-5,0,0.1,0,0,0,0,7,0,0,53,0.0,505,12:19,26,44,3,3,50.0
566,Nino Niederreiter\niedeni01,26,TOT,RW,59,17,19,36,-7,26,4.1,12,5,0,3,12,7,0,129,13.2,909,15:24,15,67,33,23,58.9
566,Nino Niederreiter\niedeni01,26,MIN,RW,46,9,14,23,-11,10,2.0,6,3,0,2,9,5,0,81,11.1,672,14:37,13,46,27,16,62.8
566,Nino Niederreiter\niedeni01,26,CAR,RW,13,8,5,13,4,16,2.1,6,2,0,1,3,2,0,48,16.7,237,18:12,2,21,6,7,46.2
567,Frans Nielsen\nielsfr01,34,DET,C,55,9,22,31,-2,12,2.6,9,0,0,4,14,7,1,94,9.6,931,16:56,37,58,350,358,49.4
568,Matthew Nieto\nietoma01,26,COL,LW,55,4,15,19,0,8,1.1,3,0,1,1,13,0,2,71,5.6,752,13:40,20,43,9,7,56.3
569,Boo Nieves\nievecr01,25,NYR,C,26,3,5,8,-5,6,0.6,3,0,0,1,5,0,0,17,17.6,238,9:09,11,27,54,97,35.8
570,Sami Niku\nikusa01,22,WPG,D,12,0,2,2,2,0,0.6,0,0,0,0,2,0,0,9,0.0,151,12:33,9,5,0,0,
571,Jacob Nilsson\nilssja01,25,CHI,C,2,0,0,0,-2,0,-0.1,0,0,0,0,0,0,0,0,,16,7:52,1,1,3,5,37.5
572,Matt Niskanen\niskama01,32,WSH,D,57,8,14,22,-8,32,3.1,7,1,0,1,12,1,1,97,8.2,1255,22:01,91,133,0,0,
573,Stefan Noesen\noesest01,25,NJD,RW,27,2,5,7,-7,26,0.2,2,0,0,0,5,0,0,33,6.1,329,12:10,16,61,18,27,40.0
574,Nelson Nogier\nogiene01,22,WPG,D,1,0,0,0,0,0,0.0,0,0,0,0,0,0,0,1,0.0,10,10:06,1,0,0,0,
575,Jordan Nolan\nolanjo01,29,STL,C,14,0,2,2,2,14,0.2,0,0,0,0,2,0,0,17,0.0,111,7:56,4,22,0,1,0.0
576,Joakim Nordstrom\nordsjo02,26,BOS,C,48,5,2,7,-6,11,0.4,5,0,0,2,2,0,0,79,6.3,674,14:03,44,56,46,65,41.4
577,Tomas Nosek\nosekto01,26,VEG,C,51,6,6,12,-13,14,0.5,6,0,0,1,6,0,0,88,6.8,644,12:38,18,54,57,31,64.8
578,Ryan Nugent-Hopkins\nugenry01,25,EDM,C,58,18,35,53,-11,20,5.2,12,5,1,1,17,16,2,154,11.7,1169,20:09,26,51,269,324,45.4
579,Darnell Nurse\nurseda01,23,EDM,D,58,7,21,28,-12,65,4.9,6,1,0,1,14,7,0,148,4.7,1391,23:59,102,117,0,0,
580,Markus Nutivaara\nutivma01,24,CBJ,D,56,4,11,15,-3,6,3.1,4,0,0,1,11,0,0,72,5.6,950,16:58,41,47,0,0,
581,William Nylander\nylanwi01,22,TOR,C,30,3,9,12,-1,14,0.8,3,0,0,0,8,1,0,59,5.1,446,14:51,10,9,96,90,51.6
582,Gustav Nyquist\nyquigu01,29,DET,RW,59,15,33,48,-1,8,4.8,14,1,0,2,23,10,0,152,9.9,1067,18:05,13,21,8,8,50.0
583,Logan O'Connor\oconnlo01,22,COL,RW,5,0,0,0,-2,0,-0.1,0,0,0,0,0,0,0,1,0.0,34,6:49,1,4,0,3,0.0
584,Ryan O'Reilly\oreilry01,27,STL,C,58,22,38,60,25,8,8.2,17,4,1,3,24,12,2,159,13.8,1204,20:46,24,25,780,571,57.7
585,Jordan Oesterle\oestejo01,26,ARI,D,49,6,14,20,1,10,5.2,3,3,0,0,10,4,0,54,11.1,928,18:57,96,35,0,0,
586,Kyle Okposo\okposky01,30,BUF,RW,57,10,12,22,-11,37,1.6,5,5,0,2,10,2,0,112,8.9,792,13:53,14,70,57,60,48.7
587,Jamie Oleksiak\oleksja01,26,TOT,D,45,4,7,11,5,41,2.7,4,0,0,0,7,0,0,47,8.5,692,15:22,43,114,0,0,
587,Jamie Oleksiak\oleksja01,26,PIT,D,36,4,7,11,5,37,2.4,4,0,0,0,7,0,0,35,11.4,571,15:52,37,97,0,0,
587,Jamie Oleksiak\oleksja01,26,DAL,D,9,0,0,0,0,4,0.3,0,0,0,0,0,0,0,12,0.0,120,13:23,6,17,0,0,
588,Dmitry Orlov\orlovdm01,27,WSH,D,59,3,13,16,-8,27,2.1,3,0,0,0,12,1,0,73,4.1,1298,22:00,82,88,0,0,
589,Brooks Orpik\orpikbr01,38,WSH,D,31,2,3,5,1,13,1.1,2,0,0,0,3,0,0,21,9.5,483,15:35,52,79,0,0,
590,T.J. Oshie\oshietj01,32,WSH,C,48,18,18,36,4,28,3.9,13,4,1,4,13,5,0,103,17.5,903,18:48,36,107,56,77,42.1
591,Xavier Ouellet\ouellxa01,25,MTL,D,19,0,3,3,-3,13,0.6,0,0,0,0,3,0,0,32,0.0,323,17:01,30,32,0,0,
592,Alex Ovechkin\ovechal01,33,WSH,LW,58,40,27,67,9,30,8.7,29,11,0,2,19,8,0,232,17.2,1217,20:59,34,162,1,3,25.0
593,Igor Ozhiganov\ozhigig01,26,TOR,D,42,3,4,7,2,12,1.9,3,0,0,0,4,0,0,33,9.1,601,14:18,44,45,0,0,
594,Magnus Paajarvi\paajama01,27,OTT,LW,56,7,1,8,-19,2,-0.3,6,0,1,0,1,0,0,83,8.4,731,13:03,51,44,4,5,44.4
595,Max Pacioretty\pacioma01,30,VEG,LW,47,18,14,32,-9,26,3.7,15,3,0,3,11,3,0,138,13.0,811,17:15,20,84,15,25,37.5
596,Jean-Gabriel Pageau\pageaje01,26,OTT,C,16,1,3,4,0,2,0.1,1,0,0,0,3,0,0,31,3.2,269,16:49,15,28,108,78,58.1
597,Ondrej Palat\palaton01,27,TBL,LW,41,7,18,25,3,12,2.3,5,2,0,1,13,5,0,71,9.9,632,15:25,25,61,2,15,11.8
598,Kyle Palmieri\palmiky01,27,NJD,RW,59,26,21,47,-4,38,5.9,15,11,0,2,14,7,0,188,13.8,1084,18:22,30,86,20,55,26.7
599,Artemi Panarin\panarar01,27,CBJ,LW,55,24,43,67,16,14,8.2,18,6,0,7,35,8,0,146,16.4,1112,20:13,15,10,1,1,50.0
600,Richard Panik\panikri01,27,ARI,RW,54,11,13,24,-9,32,2.6,10,0,1,2,11,2,0,102,10.8,911,16:52,39,93,4,9,30.8
601,Cedric Paquette\paquece01,25,TBL,C,58,9,4,13,5,58,1.3,8,0,1,1,4,0,0,60,15.0,681,11:45,47,204,277,253,52.3
602,Colton Parayko\parayco01,25,STL,D,58,9,9,18,16,6,7.4,6,3,0,3,7,1,1,136,6.6,1314,22:40,108,89,0,0,
603,Zach Parise\parisza01,34,MIN,LW,58,23,26,49,0,22,5.9,15,8,0,4,20,4,2,189,12.2,1084,18:41,55,41,4,14,22.2
604,David Pastrnak\pastrda01,22,BOS,RW,56,31,35,66,1,20,8.7,16,15,0,2,21,14,0,206,15.0,1066,19:02,24,45,1,2,33.3
605,Greg Pateryn\patergr01,28,MIN,D,58,0,3,3,-9,35,1.7,0,0,0,0,3,0,0,68,0.0,960,16:33,82,96,0,1,0.0
606,Nolan Patrick\patrino01,20,PHI,C,52,12,11,23,-4,21,2.4,11,1,0,3,10,1,0,93,12.9,771,14:49,21,53,286,265,51.9
607,Nick Paul\paulni01,23,OTT,LW,20,1,1,2,-10,4,-0.3,1,0,0,0,1,0,0,30,3.3,169,8:28,4,28,16,19,45.7
608,Joe Pavelski\paveljo01,34,SJS,C,59,31,21,52,4,18,6.6,22,8,1,3,13,8,0,153,20.3,1135,19:14,50,61,440,382,53.5
609,Tanner Pearson\pearsta01,26,TOT,LW,58,9,6,15,-14,14,0.7,8,1,0,0,5,1,0,101,8.9,788,13:35,28,98,4,10,28.6
609,Tanner Pearson\pearsta01,26,PIT,LW,41,9,5,14,-5,6,1.2,8,1,0,0,4,1,0,77,11.7,558,13:37,25,80,3,6,33.3
609,Tanner Pearson\pearsta01,26,LAK,LW,17,0,1,1,-9,8,-0.5,0,0,0,0,1,0,0,24,0.0,230,13:30,3,18,1,4,20.0
610,Matthew Peca\pecama01,25,MTL,C,34,3,7,10,-10,4,0.4,3,0,0,0,6,0,1,29,10.3,363,10:40,17,27,74,83,47.1
611,Adam Pelech\pelecad01,24,NYI,D,54,3,9,12,15,16,5.0,3,0,0,0,9,0,0,65,4.6,961,17:48,77,100,0,0,
612,Anthony Peluso\pelusan01,29,CGY,RW,4,0,0,0,-1,7,-0.1,0,0,0,0,0,0,0,1,0.0,16,4:07,0,4,0,0,
613,Brendan Perlini\perlibr01,22,TOT,LW,50,5,5,10,-20,26,0.1,3,2,0,0,3,2,0,79,6.3,576,11:31,15,40,1,6,14.3
613,Brendan Perlini\perlibr01,22,CHI,LW,28,3,1,4,-15,18,-0.3,3,0,0,0,1,0,0,39,7.7,275,9:48,8,27,1,4,20.0
613,Brendan Perlini\perlibr01,22,ARI,LW,22,2,4,6,-5,8,0.4,0,2,0,0,2,2,0,40,5.0,301,13:41,7,13,0,2,0.0
614,Mathieu Perreault\perrema01,31,WPG,C,59,11,10,21,-4,26,2.1,8,3,0,2,7,3,0,73,15.1,747,12:40,14,82,26,26,50.0
615,David Perron\perroda01,30,STL,LW,45,17,18,35,3,36,4.7,13,4,0,1,12,6,0,85,20.0,770,17:06,11,41,15,18,45.5
616,Corey Perry\perryco01,33,ANA,RW,8,1,2,3,-7,6,0.0,0,1,0,0,1,1,0,21,4.8,138,17:17,0,3,0,0,
617,Brett Pesce\pescebr01,24,CAR,D,50,5,10,15,21,16,6.2,5,0,0,1,9,0,1,71,7.0,989,19:47,93,41,0,0,
618,Nic Petan\petanni01,23,WPG,C,13,0,2,2,-2,2,0.0,0,0,0,0,2,0,0,10,0.0,94,7:13,2,0,5,3,62.5
619,Alexander Petrovic\petroal01,26,TOT,D,35,0,2,2,-15,26,0.1,0,0,0,0,2,0,0,47,0.0,578,16:32,53,116,0,0,
619,Alexander Petrovic\petroal01,26,FLA,D,26,0,1,1,-8,24,0.4,0,0,0,0,1,0,0,40,0.0,452,17:23,42,86,0,0,
619,Alexander Petrovic\petroal01,26,EDM,D,9,0,1,1,-7,2,-0.2,0,0,0,0,1,0,0,7,0.0,126,14:02,11,30,0,0,
620,Jeff Petry\petryje01,31,MTL,D,59,10,28,38,-8,20,6.3,8,2,0,3,20,7,1,125,8.0,1370,23:13,88,154,0,1,0.0
621,Elias Pettersson\petteel01,20,VAN,C,49,26,28,54,15,6,7.6,18,8,0,7,21,7,0,108,24.1,898,18:19,35,31,194,284,40.6
622,Marcus Pettersson\pettema01,22,TOT,D,61,2,16,18,12,48,4.1,1,1,0,0,14,2,0,57,3.5,946,15:30,82,69,1,0,100.0
622,Marcus Pettersson\pettema01,22,PIT,D,34,2,10,12,8,31,2.5,1,1,0,0,8,2,0,42,4.8,567,16:41,50,53,1,0,100.0
622,Marcus Pettersson\pettema01,22,ANA,D,27,0,6,6,4,17,1.6,0,0,0,0,6,0,0,15,0.0,379,14:01,32,16,0,0,
623,Dion Phaneuf\phanedi01,33,LAK,D,49,1,3,4,-16,36,0.8,1,0,0,0,3,0,0,52,1.9,713,14:32,61,90,0,0,
624,Blake Pietila\pietibl01,25,NJD,LW,7,0,1,1,-3,2,-0.1,0,0,0,0,1,0,0,3,0.0,75,10:44,3,13,0,0,
625,Alex Pietrangelo\pietral01,29,STL,D,47,8,18,26,5,20,6.7,7,1,0,1,12,6,0,105,7.6,1117,23:46,99,46,0,1,0.0
626,Lawrence Pilut\pilutla01,23,BUF,D,24,1,5,6,-2,18,1.2,1,0,0,0,5,0,0,25,4.0,415,17:18,26,12,0,0,
627,Neal Pionk\pionkne01,23,NYR,D,50,5,15,20,-8,33,3.7,3,2,0,1,5,10,0,97,5.2,1089,21:47,77,100,0,1,0.0
628,Brandon Pirri\pirribr01,27,VEG,C,20,10,5,15,8,4,2.5,7,3,0,3,4,1,0,54,18.5,294,14:41,6,16,13,15,46.4
629,Tyler Pitlick\pitlity01,27,DAL,C,43,6,4,10,-2,6,1.0,5,1,0,1,4,0,0,68,8.8,588,13:41,27,87,5,7,41.7
630,Tomas Plekanec\plekato01,36,MTL,C,3,1,0,1,0,0,0.2,1,0,0,0,0,0,0,8,12.5,33,10:53,1,1,19,19,50.0
631,Brayden Point\pointbr01,22,TBL,C,58,33,42,75,17,20,9.6,17,16,0,6,30,12,0,147,22.4,1084,18:41,27,28,316,307,50.7
632,Roman Polak\polakro01,32,DAL,D,55,1,6,7,-2,53,3.3,1,0,0,0,6,0,0,60,1.7,1051,19:07,110,141,0,0,
633,Jason Pominville\pominja01,36,BUF,RW,52,13,11,24,5,4,2.9,12,1,0,3,10,1,0,96,13.5,660,12:42,17,12,10,12,45.5
634,Derrick Pouliot\poulide01,25,VAN,D,54,3,8,11,0,24,3.1,2,1,0,1,8,0,0,51,5.9,922,17:05,66,67,0,0,
635,Nate Prosser\prossna01,32,MIN,D,15,0,0,0,1,2,0.4,0,0,0,0,0,0,0,10,0.0,153,10:13,13,17,0,0,
636,Dalton Prout\proutda01,28,CGY,D,11,0,0,0,0,6,0.1,0,0,0,0,0,0,0,8,0.0,127,11:35,10,19,0,0,
637,Ivan Provorov\provoiv01,22,PHI,D,59,6,15,21,-14,32,4.3,6,0,0,1,13,2,0,107,5.6,1487,25:12,106,77,0,1,0.0
638,Jesse Puljujarvi\puljuje01,20,EDM,RW,46,4,5,9,-14,16,0.1,4,0,0,0,4,1,0,53,7.5,550,11:57,26,46,2,2,50.0
639,Ryan Pulock\pulocry01,24,NYI,D,58,6,21,27,14,14,7.5,3,3,0,2,18,3,0,126,4.8,1291,22:15,101,97,0,0,
640,Tom Pyatt\pyattto01,31,OTT,C,37,0,2,2,-16,2,-1.0,0,0,0,0,2,0,0,29,0.0,433,11:43,46,15,56,92,37.8
641,Mark Pysyk\pysykma01,27,FLA,D,46,0,7,7,-4,16,2.0,0,0,0,0,6,0,1,46,0.0,847,18:24,65,95,0,0,
642,John Quenneville\quennjo02,22,NJD,C,15,0,0,0,0,4,-0.2,0,0,0,0,0,0,0,12,0.0,168,11:13,5,18,4,6,40.0
643,Alan Quine\quineal01,25,CGY,C,9,3,1,4,0,2,0.5,2,1,0,0,1,0,0,6,50.0,85,9:27,1,9,7,8,46.7
644,Lukas Radil\radillu01,28,SJS,C,30,6,4,10,10,6,1.5,6,0,0,2,4,0,0,37,16.2,323,10:46,8,24,5,2,71.4
645,Alexander Radulov\radulal01,32,DAL,RW,48,15,31,46,11,42,5.6,11,4,0,3,21,10,0,133,11.3,943,19:38,50,48,4,8,33.3
646,Michael Raffl\rafflmi01,30,PHI,LW,45,4,7,11,4,22,1.0,3,0,1,1,7,0,0,44,9.1,521,11:34,14,69,12,15,44.4
647,Rickard Rakell\rakelri01,25,ANA,RW,46,9,17,26,-19,10,1.7,7,2,0,1,12,5,0,124,7.3,856,18:37,27,59,12,16,42.9
648,Mikko Rantanen\rantami01,22,COL,RW,58,24,52,76,12,42,8.5,13,11,0,3,37,15,0,145,16.6,1221,21:03,30,44,15,15,50.0
649,Victor Rask\raskvi01,25,TOT,C,36,2,6,8,-4,6,0.5,2,0,0,0,4,2,0,37,5.4,435,12:04,11,32,148,174,46.0
649,Victor Rask\raskvi01,25,CAR,C,26,1,5,6,-3,4,0.3,1,0,0,0,3,2,0,25,4.0,313,12:02,8,25,111,135,45.1
649,Victor Rask\raskvi01,25,MIN,C,10,1,1,2,-1,2,0.1,1,0,0,0,1,0,0,12,8.3,122,12:11,3,7,37,39,48.7
650,Michael Rasmussen\rasmumi01,19,DET,C,48,7,8,15,-3,23,1.3,3,4,0,0,8,0,0,58,12.1,595,12:24,16,61,10,27,27.0
651,Ty Rattie\rattity01,25,EDM,RW,37,4,6,10,-2,4,0.8,4,0,0,1,5,1,0,68,5.9,450,12:09,6,42,1,2,33.3
652,Kyle Rau\rauky01,26,MIN,C,6,0,1,1,0,0,0.1,0,0,0,0,1,0,0,6,0.0,42,7:01,2,11,3,1,75.0
653,Matt Read\readma01,32,MIN,RW,5,0,0,0,0,2,-0.1,0,0,0,0,0,0,0,6,0.0,56,11:12,3,4,1,0,100.0
654,Ryan Reaves\reavery01,32,VEG,RW,59,8,8,16,3,60,1.7,5,3,0,1,8,0,0,75,10.7,653,11:04,20,218,39,52,42.9
655,Mike Reilly\reillmi01,25,MTL,D,52,3,7,10,-1,16,2.7,2,1,0,1,7,0,0,90,3.3,972,18:41,48,42,0,0,
656,Sam Reinhart\reinhsa01,23,BUF,C,58,14,37,51,2,12,4.9,13,1,0,0,26,11,0,126,11.1,1084,18:42,35,22,22,40,35.5
657,Sheldon Rempal\rempash01,23,LAK,RW,7,0,0,0,-1,0,-0.1,0,0,0,0,0,0,0,3,0.0,61,8:44,1,0,0,0,
658,Anthony Richard\richaan01,22,NSH,C,1,0,0,0,-1,0,0.0,0,0,0,0,0,0,0,0,,7,7:22,1,0,0,0,
659,Brad Richardson\richabr02,33,ARI,C,42,11,5,16,-4,18,2.1,8,0,3,2,4,0,1,77,14.3,657,15:39,40,33,362,297,54.9
660,Tobias Rieder\riedeto01,26,EDM,C,44,0,10,10,-6,6,0.1,0,0,0,0,8,2,0,63,0.0,560,12:43,30,47,3,13,18.8
661,Morgan Rielly\riellmo01,24,TOR,D,58,15,42,57,24,4,10.6,14,1,0,5,27,15,0,152,9.9,1319,22:44,75,40,0,1,0.0
662,Juuso Riikola\riikoju01,25,PIT,D,34,2,2,4,1,10,1.2,0,2,0,1,2,0,0,39,5.1,576,16:56,36,80,0,0,
663,Zac Rinaldo\rinalza01,28,NSH,C,23,1,2,3,1,20,0.2,1,0,0,1,2,0,0,11,9.1,164,7:07,8,47,1,4,20.0
664,Rasmus Ristolainen\ristora01,24,BUF,D,58,5,31,36,-21,24,4.6,4,1,0,2,20,11,0,145,3.4,1450,25:00,90,170,0,0,
665,Brett Ritchie\ritchbr01,25,DAL,RW,35,4,2,6,-1,44,0.6,3,1,0,2,2,0,0,36,11.1,349,9:58,11,87,1,3,25.0
666,Nick Ritchie\ritchni01,23,ANA,LW,43,8,17,25,2,50,2.5,6,2,0,2,13,4,0,62,12.9,656,15:16,27,89,3,5,37.5
667,Eric Robinson\robiner01,23,CBJ,LW,4,0,0,0,0,0,-0.1,0,0,0,0,0,0,0,4,0.0,52,12:59,0,5,0,0,
668,Jack Rodewald\rodewja01,24,OTT,RW,6,0,0,0,0,0,-0.1,0,0,0,0,0,0,0,2,0.0,42,7:04,3,8,0,0,
669,Evan Rodrigues\rodriev01,25,BUF,C,52,8,13,21,-6,18,1.5,6,2,0,1,9,2,2,120,6.7,796,15:19,24,20,202,198,50.5
670,Kevin Rooney\rooneke01,25,NJD,C,20,2,1,3,-6,13,0.0,2,0,0,1,1,0,0,14,14.3,213,10:38,8,40,66,76,46.5
671,Jack Roslovic\rosloja01,22,WPG,C,58,7,10,17,-4,4,1.5,2,5,0,0,9,1,0,50,14.0,572,9:51,19,22,86,107,44.6
672,Antoine Roussel\roussan01,29,VAN,LW,55,7,18,25,3,112,2.4,7,0,0,1,18,0,0,70,10.0,763,13:52,43,74,16,16,50.0
673,Carter Rowney\rowneca01,29,ANA,RW,39,3,9,12,-4,8,0.8,3,0,0,0,9,0,0,33,9.1,464,11:54,18,100,148,147,50.2
674,Mathieu Roy\royma01,35,LAK,D,1,0,0,0,0,2,0.0,0,0,0,0,0,0,0,0,,12,11:32,,0,,,
675,Nicolas Roy\royni01,21,CAR,C,6,0,0,0,0,2,0.0,0,0,0,0,0,0,0,1,0.0,42,6:57,1,7,21,18,53.8
676,Chad Ruhwedel\ruhwech01,28,PIT,D,14,0,0,0,-9,2,-0.5,0,0,0,0,0,0,0,17,0.0,222,15:52,14,36,0,0,
677,Kris Russell\russekr01,31,EDM,D,48,2,8,10,-1,14,2.8,2,0,0,0,8,0,0,41,4.9,983,20:29,125,58,0,0,
678,Patrick Russell\russepa01,26,EDM,RW,6,0,0,0,0,2,-0.1,0,0,0,0,0,0,0,6,0.0,53,8:47,2,9,0,0,
679,Bryan Rust\rustbr01,26,PIT,RW,58,16,14,30,10,18,3.5,14,0,2,4,13,0,1,120,13.3,908,15:39,42,97,5,13,27.8
680,Jan Rutta\ruttaja02,28,CHI,D,23,2,4,6,0,12,1.2,2,0,0,0,4,0,0,22,9.1,375,16:18,21,18,0,0,
681,Bobby Ryan\ryanbo01,31,OTT,LW,55,12,22,34,-15,23,2.8,8,4,0,1,14,8,0,114,10.5,871,15:50,37,52,5,14,26.3
682,Derek Ryan\ryande01,32,CGY,C,57,5,18,23,1,20,1.6,3,2,0,1,9,5,4,63,7.9,747,13:06,13,12,265,204,56.5
683,Joakim Ryan\ryanjo02,25,SJS,D,34,0,5,5,3,11,1.3,0,0,0,0,5,0,0,28,0.0,423,12:27,36,24,0,0,
684,Kerby Rychel\rycheke01,24,CGY,LW,2,0,0,0,-1,0,-0.1,0,0,0,0,0,0,0,1,0.0,18,9:11,1,3,0,1,0.0
685,Brandon Saad\saadbr01,26,CHI,LW,57,19,15,34,-6,8,3.4,11,5,3,2,14,1,0,139,13.7,991,17:24,21,35,17,33,34.0
686,Miikka Salomaki\salommi01,25,NSH,RW,37,3,4,7,5,8,0.7,3,0,0,0,4,0,0,51,5.9,387,10:27,20,72,2,5,28.6
687,Zach Sanford\sanfoza01,24,STL,LW,40,7,7,14,7,19,2.0,7,0,0,2,7,0,0,58,12.1,515,12:53,31,31,7,5,58.3
688,Travis Sanheim\sanhetr01,22,PHI,D,59,5,17,22,-2,12,4.5,3,2,0,1,15,2,0,90,5.6,1098,18:36,95,28,0,0,
689,Steven Santini\santist01,23,NJD,D,19,0,2,2,-7,10,0.2,0,0,0,0,2,0,0,20,0.0,289,15:12,15,38,0,0,
690,David Savard\savarda01,28,CBJ,D,57,4,10,14,10,26,4.2,4,0,0,1,10,0,0,73,5.5,1093,19:11,86,72,0,0,
691,Luca Sbisa\sbisalu01,29,NYI,D,9,0,1,1,0,4,0.4,0,0,0,0,1,0,0,5,0.0,139,15:28,7,17,0,0,
692,Marco Scandella\scandma01,28,BUF,D,48,4,6,10,-5,20,2.3,4,0,0,1,5,0,1,71,5.6,873,18:11,56,42,0,0,
693,Colton Sceviour\scevico01,29,FLA,C,49,5,9,14,-1,15,1.2,5,0,0,0,8,1,0,101,5.0,604,12:20,43,68,36,62,36.7
694,Tim Schaller\schalti01,28,VAN,LW,35,0,5,5,-4,7,-0.1,0,0,0,0,5,0,0,32,0.0,390,11:08,15,55,1,1,50.0
695,Mark Scheifele\scheima01,25,WPG,C,59,30,38,68,16,32,8.7,23,7,0,5,24,11,3,150,20.0,1327,22:30,39,39,601,694,46.4
696,Brayden Schenn\schenbr01,27,STL,C,54,11,28,39,2,30,4.3,9,2,0,4,22,6,0,109,10.1,1008,18:40,27,95,313,350,47.2
697,Luke Schenn\schenlu01,29,ANA,D,8,0,0,0,-6,7,-0.3,0,0,0,0,0,0,0,7,0.0,96,11:59,8,24,0,0,
698,Nikita Scherbak\scherni01,23,LAK,RW,8,1,0,1,-4,2,0.0,1,0,0,0,0,0,0,12,8.3,81,10:11,1,9,0,0,
699,Cameron Schilling\schilca01,30,WPG,D,4,0,1,1,0,0,0.2,0,0,0,0,1,0,0,2,0.0,48,12:06,5,3,0,0,
700,David Schlemko\schleda01,31,MTL,D,18,0,2,2,-1,4,0.7,0,0,0,0,0,2,0,29,0.0,357,19:51,45,29,0,0,
701,Jordan Schmaltz\schmajo01,25,STL,D,20,0,2,2,-7,2,0.3,0,0,0,0,2,0,0,11,0.0,230,11:29,22,10,0,0,
702,Nick Schmaltz\schmani01,22,TOT,C,40,7,18,25,-12,8,1.9,2,5,0,2,15,3,0,62,11.3,713,17:50,12,5,104,177,37.0
702,Nick Schmaltz\schmani01,22,CHI,C,23,2,9,11,-4,6,0.5,1,1,0,0,9,0,0,33,6.1,407,17:41,7,5,52,68,43.3
702,Nick Schmaltz\schmani01,22,ARI,C,17,5,9,14,-8,2,1.4,1,4,0,2,6,3,0,29,17.2,306,18:01,5,0,52,109,32.3
703,Nate Schmidt\schmina01,27,VEG,D,40,6,15,21,11,4,5.2,5,1,0,1,10,5,0,76,7.9,891,22:17,63,23,0,0,
704,Justin Schultz\schulju01,28,PIT,D,6,0,6,6,2,0,0.8,0,0,0,0,4,2,0,6,0.0,91,15:10,4,4,0,0,
705,Jaden Schwartz\schwaja01,26,STL,C,45,5,20,25,3,12,2.5,5,0,0,0,18,2,0,120,4.2,824,18:19,17,37,15,15,50.0
706,Brent Seabrook\seabrbr01,33,CHI,D,58,5,18,23,-7,31,3.4,3,2,0,1,10,7,1,123,4.1,1147,19:47,126,77,0,0,
707,Lukas Sedlak\sedlalu01,25,CBJ,C,41,3,2,5,-3,8,0.2,3,0,0,0,2,0,0,38,7.9,370,9:02,17,59,41,44,48.2
708,Nick Seeler\seeleni01,25,MIN,D,56,2,3,5,-8,47,1.6,2,0,0,1,3,0,0,60,3.3,698,12:28,91,57,0,0,
709,Tyler Seguin\seguity01,27,DAL,C,58,24,30,54,14,12,7.2,18,6,0,6,19,11,0,228,10.5,1206,20:47,34,52,466,392,54.3
710,Brett Seney\seneybr01,22,NJD,LW,47,5,7,12,-13,25,0.6,5,0,0,0,6,1,0,46,10.9,488,10:22,13,42,91,153,37.3
711,Mikhail Sergachev\sergami01,20,TBL,D,54,3,16,19,6,14,3.9,3,0,0,0,12,4,0,93,3.2,948,17:33,69,65,1,1,50.0
712,Damon Severson\severda01,24,NJD,D,59,8,20,28,-19,50,4.4,6,2,0,0,13,6,1,104,7.7,1267,21:28,56,66,0,0,
713,Kevin Shattenkirk\shattke01,30,NYR,D,50,2,16,18,-9,8,2.9,1,1,0,0,11,5,0,101,2.0,935,18:42,78,50,0,0,
714,Andrew Shaw\shawan01,27,MTL,C,40,12,15,27,9,48,3.3,9,3,0,2,13,2,0,84,14.3,630,15:45,20,77,111,136,44.9
715,Riley Sheahan\sheahri01,27,TOT,C,57,8,5,13,-8,13,0.7,7,0,1,2,4,0,1,71,11.3,734,12:53,31,56,191,203,48.5
715,Riley Sheahan\sheahri01,27,PIT,C,49,7,2,9,-7,13,0.4,6,0,1,2,1,0,1,60,11.7,620,12:39,26,50,154,159,49.2
715,Riley Sheahan\sheahri01,27,FLA,C,8,1,3,4,-1,0,0.3,1,0,0,0,3,0,0,11,9.1,114,14:15,5,6,37,44,45.7
716,Conor Sheary\shearco01,26,BUF,LW,54,9,15,24,-1,12,2.1,6,3,0,2,14,1,0,96,9.4,790,14:38,21,13,14,9,60.9
717,Kiefer Sherwood\sherwki01,23,ANA,RW,46,5,5,10,2,6,0.9,5,0,0,0,5,0,0,51,9.8,517,11:14,17,75,7,6,53.8
718,Kole Sherwood\sherwko01,22,CBJ,RW,1,0,0,0,0,0,0.0,0,0,0,0,0,0,0,0,,7,6:58,1,4,0,0,
719,Devin Shore\shorede01,24,TOT,C,55,6,15,21,-7,9,1.7,5,0,1,3,13,2,0,53,11.3,770,14:00,49,65,37,42,46.8
719,Devin Shore\shorede01,24,DAL,C,42,5,12,17,0,7,1.7,4,0,1,3,10,2,0,44,11.4,558,13:18,33,42,30,30,50.0
719,Devin Shore\shorede01,24,ANA,C,13,1,3,4,-7,2,0.0,1,0,0,0,3,0,0,9,11.1,212,16:16,16,23,7,12,36.8
720,Jonas Siegenthaler\siegejo01,21,WSH,D,25,0,4,4,7,10,1.1,0,0,0,0,4,0,0,12,0.0,350,14:00,43,31,0,0,
721,Dylan Sikura\sikurdy01,23,CHI,C,14,0,4,4,1,0,0.2,0,0,0,0,4,0,0,21,0.0,148,10:34,4,2,0,2,0.0
722,Jakob Silfverberg\silfvja01,28,ANA,LW,50,15,8,23,-15,24,2.1,11,2,2,1,4,4,0,112,13.4,838,16:46,32,30,8,13,38.1
723,Radim Simek\simekra01,26,SJS,D,30,1,7,8,8,4,2.1,1,0,0,1,7,0,0,24,4.2,463,15:27,26,52,0,0,
724,Wayne Simmonds\simmowa01,30,PHI,RW,59,16,11,27,-14,74,2.6,11,5,0,2,8,3,0,131,12.2,976,16:33,19,105,3,10,23.1
725,Dominik Simon\simondo01,24,PIT,C,49,7,14,21,6,12,2.0,6,1,0,0,13,1,0,76,9.2,655,13:22,17,66,6,9,40.0
726,Colton Sissons\sissoco01,25,NSH,C,54,10,14,24,22,15,3.2,9,1,0,3,12,1,1,79,12.7,889,16:28,43,68,307,295,51.0
727,Jeff Skinner\skinnje01,26,BUF,C,58,36,17,53,6,24,7.4,28,8,0,7,13,4,0,189,19.0,1084,18:42,19,17,107,96,52.7
728,Brady Skjei\skjeibr01,24,NYR,D,54,3,11,14,-6,22,3.2,3,0,0,1,10,0,1,76,3.9,1136,21:02,82,134,0,0,
729,Jaccob Slavin\slavija01,24,CAR,D,59,5,20,25,-5,16,6.3,2,3,0,1,17,2,1,106,4.7,1358,23:01,97,48,0,0,
730,Brendan Smith\smithbr05,29,NYR,D,41,2,7,9,-7,46,1.7,2,0,0,0,7,0,0,35,5.7,671,16:22,36,64,0,0,
731,C.J. Smith\smithcj01,24,BUF,LW,9,2,0,2,0,0,0.3,2,0,0,1,0,0,0,16,12.5,103,11:26,1,1,0,0,
732,Craig Smith\smithcr01,29,NSH,C,61,16,13,29,7,14,3.6,12,4,0,1,10,3,0,169,9.5,932,15:16,28,61,26,28,48.1
733,Gemel Smith\smithge02,24,TOT,C,17,2,1,3,-4,0,0.2,2,0,0,0,1,0,0,14,14.3,142,8:22,3,13,2,2,50.0
733,Gemel Smith\smithge02,24,DAL,C,14,2,1,3,-1,0,0.4,2,0,0,0,1,0,0,11,18.2,112,8:01,3,11,2,2,50.0
733,Gemel Smith\smithge02,24,BOS,C,3,0,0,0,-3,0,-0.1,0,0,0,0,0,0,0,3,0.0,30,10:00,0,2,0,0,
734,Reilly Smith\smithre01,27,VEG,RW,53,9,23,32,1,10,3.0,5,4,0,1,11,9,3,129,7.0,994,18:45,27,30,4,2,66.7
735,Zack Smith\smithza01,30,OTT,C,49,6,15,21,2,62,1.6,6,0,0,0,13,0,2,72,8.3,787,16:04,26,91,311,334,48.2
736,Devante Smith-Pelly\smithde06,26,WSH,RW,54,4,4,8,-6,15,-0.1,4,0,0,0,4,0,0,60,6.7,586,10:51,36,78,16,25,39.0
737,Vladimir Sobotka\sobotvl01,31,BUF,C,55,3,7,10,-15,16,-0.4,3,0,0,0,6,0,1,62,4.8,804,14:37,26,61,260,240,52.0
738,Carl Soderberg\soderca01,33,COL,C,58,18,16,34,-12,22,3.2,14,2,2,2,10,6,0,132,13.6,972,16:46,46,64,383,381,50.1
739,Marcus Sorensen\sorenma01,26,SJS,RW,59,11,8,19,6,15,2.0,10,0,1,0,7,0,1,70,15.7,741,12:34,23,62,10,12,45.5
740,Nikita Soshnikov\soshnni01,25,STL,RW,5,0,0,0,-1,0,-0.1,0,0,0,0,0,0,0,1,0.0,36,7:10,2,5,0,0,
741,Jason Spezza\spezzja01,35,DAL,C,56,6,16,22,-6,19,1.9,5,1,0,0,8,8,0,81,7.4,782,13:57,22,12,377,255,59.7
742,Ryan Spooner\spoonry01,27,TOT,C,41,3,2,5,-11,2,-0.2,3,0,0,1,2,0,0,49,6.1,445,10:51,4,28,52,50,51.0
742,Ryan Spooner\spoonry01,27,EDM,C,25,2,1,3,-6,2,0.0,2,0,0,1,1,0,0,25,8.0,242,9:40,1,18,28,32,46.7
742,Ryan Spooner\spoonry01,27,NYR,C,16,1,1,2,-5,0,-0.1,1,0,0,0,1,0,0,24,4.2,203,12:41,3,10,24,18,57.1
743,Daniel Sprong\spronda01,21,TOT,RW,45,9,8,17,-14,6,1.3,7,2,0,1,5,3,0,83,10.8,552,12:16,9,31,3,6,33.3
743,Daniel Sprong\spronda01,21,ANA,RW,29,9,4,13,-7,6,1.4,7,2,0,1,2,2,0,67,13.4,415,14:18,4,19,2,5,28.6
743,Daniel Sprong\spronda01,21,PIT,RW,16,0,4,4,-7,0,-0.1,0,0,0,0,3,1,0,16,0.0,137,8:34,5,12,1,1,50.0
744,Jared Spurgeon\spurgja01,29,MIN,D,59,11,25,36,6,14,8.1,10,1,0,0,19,5,1,115,9.6,1391,23:35,100,61,0,0,
745,Eric Staal\staaler01,34,MIN,C,58,17,20,37,0,28,4.2,13,4,0,4,16,3,1,167,10.2,1038,17:54,21,33,446,429,51.0
746,Jordan Staal\staaljo01,30,CAR,C,29,5,6,11,-11,16,0.8,5,0,0,0,5,1,0,79,6.3,570,19:40,10,84,355,272,56.6
747,Marc Staal\staalma01,32,NYR,D,58,3,10,13,-6,30,3.1,3,0,0,0,10,0,0,63,4.8,1136,19:35,74,71,0,0,
748,Drew Stafford\staffdr01,33,NJD,RW,34,2,6,8,-4,8,0.4,2,0,0,0,6,0,0,42,4.8,368,10:49,11,30,7,13,35.0
749,Steven Stamkos\stamkst01,28,TBL,C,59,32,39,71,0,29,8.5,18,14,0,5,23,16,0,179,17.9,1071,18:09,24,56,343,303,53.1
750,Paul Stastny\stastpa01,33,VEG,C,30,7,17,24,7,24,2.7,6,0,1,1,15,2,0,65,10.8,545,18:10,8,21,285,234,54.9
751,Troy Stecher\stechtr01,24,VAN,D,56,1,18,19,14,24,5.0,1,0,0,0,16,2,0,68,1.5,1034,18:28,54,60,0,0,
752,Sam Steel\steelsa01,20,ANA,C,13,1,2,3,-3,4,0.0,1,0,0,0,0,2,0,17,5.9,193,14:49,4,5,65,65,50.0
753,Alex Steen\steenal01,34,STL,C,42,6,12,18,-1,10,1.9,4,2,0,0,8,3,1,73,8.2,692,16:28,37,41,6,18,25.0
754,Kevin Stenlund\stenlke01,22,CBJ,C,4,0,0,0,0,4,-0.1,0,0,0,0,0,0,0,3,0.0,44,10:58,1,3,3,3,50.0
755,Derek Stepan\stepade01,28,ARI,C,58,11,16,27,-7,14,2.8,8,1,2,2,14,2,0,157,7.0,1112,19:10,40,42,512,579,46.9
756,Chandler Stephenson\stephch02,24,WSH,C,52,5,5,10,-9,0,0.0,4,0,1,0,5,0,0,31,16.1,647,12:27,28,28,35,39,47.3
757,Mark Stone\stonema01,26,OTT,RW,58,27,32,59,13,22,7.3,21,5,1,4,20,12,0,141,19.1,1193,20:34,53,50,25,28,47.2
758,Michael Stone\stonemi01,28,CGY,D,11,0,4,4,-1,8,0.5,0,0,0,0,4,0,0,10,0.0,176,16:02,13,23,0,0,
759,Anton Stralman\stralan01,32,TBL,D,39,2,14,16,13,8,3.8,2,0,0,0,13,1,0,47,4.3,810,20:46,56,48,0,0,
760,Ben Street\streebe01,31,ANA,C,21,3,2,5,-4,2,0.3,3,0,0,0,2,0,0,19,15.8,253,12:04,9,19,16,27,37.2
761,Dylan Strome\stromdy01,21,TOT,C,55,14,24,38,-7,16,3.7,9,5,0,3,16,8,0,101,13.9,877,15:57,32,11,338,343,49.6
761,Dylan Strome\stromdy01,21,CHI,C,35,11,21,32,3,10,3.4,9,2,0,2,14,7,0,61,18.0,607,17:20,23,9,200,243,45.1
761,Dylan Strome\stromdy01,21,ARI,C,20,3,3,6,-10,6,0.3,0,3,0,1,2,1,0,40,7.5,271,13:32,9,2,138,100,58.0
762,Ryan Strome\stromry01,25,TOT,C,57,8,9,17,-4,37,1.3,6,2,0,0,8,1,0,72,11.1,834,14:38,26,63,244,261,48.3
762,Ryan Strome\stromry01,25,NYR,C,39,7,8,15,-3,23,1.4,5,2,0,0,7,1,0,42,16.7,574,14:43,21,40,145,157,48.0
762,Ryan Strome\stromry01,25,EDM,C,18,1,1,2,-1,14,-0.1,1,0,0,0,1,0,0,30,3.3,259,14:25,5,23,99,104,48.8
763,P.K. Subban\subbapk01,29,NSH,D,42,5,16,21,7,42,4.9,3,1,1,1,11,5,0,109,4.6,925,22:01,50,38,0,0,
764,Libor Sulak\sulakli01,24,DET,D,6,0,0,0,-4,6,-0.1,0,0,0,0,0,0,0,7,0.0,116,19:23,5,18,0,0,
765,Oskar Sundqvist\sundqos01,24,STL,C,50,11,11,22,5,18,3.0,10,0,1,2,10,1,0,75,14.7,644,12:53,22,52,116,153,43.1
766,Antti Suomela\suomean01,24,SJS,C,27,3,5,8,1,4,0.7,3,0,0,0,5,0,0,42,7.1,306,11:19,11,10,102,127,44.5
767,Andrej Sustr\sustran01,28,ANA,D,5,0,0,0,0,6,0.1,0,0,0,0,0,0,0,6,0.0,60,12:02,7,3,0,0,
768,Ryan Suter\suterry01,34,MIN,D,59,6,34,40,2,35,8.1,2,3,1,1,23,10,1,105,5.7,1579,26:46,81,49,1,0,100.0
769,Brandon Sutter\suttebr03,29,VAN,C,26,4,2,6,-12,6,0.0,2,1,1,0,2,0,0,43,9.3,454,17:28,13,33,224,238,48.5
770,Andrei Svechnikov\svechan01,18,CAR,RW,59,14,13,27,-3,50,3.3,14,0,0,2,9,4,0,144,9.7,867,14:42,15,93,1,6,14.3
771,Brandon Tanev\tanevbr01,27,WPG,LW,59,13,11,24,8,39,2.9,11,0,2,0,10,0,1,98,13.3,848,14:23,62,205,3,4,42.9
772,Chris Tanev\tanevch01,29,VAN,D,53,2,10,12,1,18,3.5,2,0,0,0,10,0,0,51,3.9,1087,20:31,120,29,0,0,
773,Vladimir Tarasenko\tarasvl01,27,STL,RW,57,26,25,51,1,22,6.9,16,10,0,4,19,6,0,206,12.6,1048,18:23,30,60,4,2,66.7
774,Tomas Tatar\tatarto01,28,MTL,C,58,18,25,43,13,24,5.2,14,4,0,3,22,3,0,148,12.2,949,16:22,21,56,8,23,25.8
775,John Tavares\tavarjo01,28,TOR,C,58,33,30,63,14,26,8.4,27,6,0,6,24,6,0,205,16.1,1109,19:07,37,38,594,490,54.8
776,Matt Tennyson\tennyma01,28,BUF,D,4,0,0,0,-4,0,-0.2,0,0,0,0,0,0,0,4,0.0,43,10:45,2,10,0,0,
777,Teuvo Teravainen\teravte01,24,CAR,C,59,17,35,52,22,12,7.0,9,7,1,1,23,9,3,124,13.7,1051,17:49,19,22,11,17,39.3
778,Troy Terry\terrytr01,21,ANA,C,12,1,1,2,0,0,0.1,0,1,0,0,1,0,0,8,12.5,165,13:43,5,2,0,2,0.0
779,Shea Theodore\theodsh01,23,VEG,D,59,9,17,26,-5,16,5.4,6,3,0,1,13,3,1,142,6.3,1176,19:56,65,21,1,0,100.0
780,Robert Thomas\thomaro01,19,STL,C,46,5,15,20,-2,10,2.0,4,1,0,0,12,3,0,49,10.2,564,12:15,17,9,80,106,43.0
781,Nate Thompson\thompna01,34,TOT,C,56,4,2,6,3,17,0.3,4,0,0,0,2,0,0,36,11.1,722,12:54,35,57,278,248,52.9
781,Nate Thompson\thompna01,34,LAK,C,53,4,2,6,3,17,0.4,4,0,0,0,2,0,0,35,11.4,685,12:55,34,54,263,232,53.1
781,Nate Thompson\thompna01,34,MTL,C,3,0,0,0,0,0,-0.1,0,0,0,0,0,0,0,1,0.0,37,12:27,1,3,15,16,48.4
782,Tage Thompson\thompta01,21,BUF,C,50,7,4,11,-13,18,0.4,6,1,0,0,4,0,0,89,7.9,623,12:28,7,49,9,8,52.9
783,Chris Thorburn\thorbch01,35,STL,RW,1,0,0,0,0,0,0.0,0,0,0,0,0,0,0,0,,2,1:52,0,1,0,0,
784,Joe Thornton\thornjo01,39,SJS,C,50,10,21,31,4,12,3.0,7,3,0,3,16,5,0,60,16.7,773,15:27,8,13,230,205,52.9
785,Chris Tierney\tiernch01,24,OTT,C,58,6,33,39,-8,14,2.8,6,0,0,1,25,8,0,88,6.8,995,17:09,43,18,417,398,51.2
786,Brady Tkachuk\tkachbr01,19,OTT,LW,47,13,14,27,-1,59,2.9,11,2,0,2,10,4,0,133,9.8,723,15:23,15,115,28,28,50.0
787,Matthew Tkachuk\tkachma01,21,CGY,LW,58,24,34,58,9,50,6.8,15,9,0,1,22,12,0,145,16.6,1022,17:37,10,58,3,3,50.0
788,Devon Toews\toewsde01,24,NYI,D,24,4,5,9,9,0,3.0,3,1,0,2,4,1,0,42,9.5,428,17:50,17,11,0,0,
789,Jonathan Toews\toewsjo01,30,CHI,C,59,27,31,58,5,28,6.6,21,5,1,4,20,11,0,157,17.2,1225,20:46,26,23,747,565,56.9
790,Tyler Toffoli\toffoty01,26,LAK,C,58,12,15,27,-9,10,2.5,9,3,0,3,15,0,0,162,7.4,1012,17:27,18,26,19,14,57.6
791,Eeli Tolvanen\tolvaee01,19,NSH,RW,4,1,1,2,2,0,0.3,1,0,0,0,0,1,0,2,50.0,53,13:16,2,4,0,0,
792,Dominic Toninato\tonindo01,24,COL,C,2,1,0,1,0,0,0.2,1,0,0,0,0,0,0,1,100.0,13,6:42,1,0,0,4,0.0
793,Vincent Trocheck\trochvi01,25,FLA,C,30,5,15,20,-1,34,1.8,3,2,0,1,7,8,0,77,6.5,604,20:09,21,63,285,244,53.9
794,Jacob Trouba\troubja01,24,WPG,D,59,4,27,31,17,50,7.0,2,2,0,1,19,6,2,114,3.5,1331,22:34,120,76,0,0,
795,Alex Tuch\tuchal01,22,VEG,RW,52,16,26,42,9,6,5.1,13,3,0,6,23,3,0,130,12.3,892,17:10,30,66,36,64,36.0
796,Kyle Turris\turriky01,29,NSH,C,36,6,12,18,-5,19,1.5,3,3,0,1,10,2,0,52,11.5,568,15:46,8,15,195,189,50.8
797,Urho Vaakanainen\vaakaur01,20,BOS,D,2,0,0,0,-1,0,0.0,0,0,0,0,0,0,0,2,0.0,18,9:06,0,0,0,0,
798,Juuso Valimaki\valimju01,20,CGY,D,22,1,1,2,-3,12,0.4,1,0,0,1,1,0,0,23,4.3,332,15:05,41,19,0,0,
799,James van Riemsdyk\vanrija01,29,PHI,LW,43,15,14,29,-6,16,3.3,9,6,0,2,12,2,0,92,16.3,678,15:46,13,20,6,3,66.7
800,Trevor van Riemsdyk\vanritr01,27,CAR,D,55,2,9,11,-3,6,3.3,2,0,0,1,9,0,0,70,2.9,828,15:04,62,22,0,0,
801,Thomas Vanek\vanekth01,35,DET,LW,52,12,17,29,-9,24,2.8,10,2,0,1,11,6,0,82,14.6,730,14:03,9,32,7,14,33.3
802,Phil Varone\varonph01,28,PHI,C,29,3,4,7,1,2,0.8,3,0,0,0,4,0,0,19,15.8,225,7:46,12,12,63,56,52.9
803,Sami Vatanen\vatansa01,27,NJD,D,46,4,13,17,-15,20,2.7,1,3,0,0,11,2,0,102,3.9,1000,21:44,70,63,0,0,
804,Frank Vatrano\vatrafr01,24,FLA,LW,56,20,11,31,-3,28,4.0,19,1,0,1,5,6,0,144,13.9,815,14:34,50,82,13,22,37.1
805,Kristian Vesalainen\vesalkr01,19,WPG,W,5,0,1,1,0,0,0.1,0,0,0,0,1,0,0,1,0.0,34,6:50,1,1,0,0,
806,Jimmy Vesey\veseyji02,25,NYR,LW,57,13,14,27,1,19,3.0,12,1,0,3,11,3,0,108,12.0,909,15:57,26,59,5,16,23.8
807,Jake Virtanen\virtaja01,22,VAN,RW,58,12,10,22,-3,40,2.3,10,2,0,1,10,0,0,136,8.8,859,14:49,28,119,5,10,33.3
808,Marc-Edouard Vlasic\vlasima01,31,SJS,D,49,1,11,12,-11,10,1.9,1,0,0,0,10,1,0,71,1.4,1057,21:35,74,12,0,0,
809,Jakub Voracek\voracja01,29,PHI,RW,59,15,35,50,-12,14,4.7,13,2,0,2,25,10,0,154,9.7,1104,18:43,25,15,8,12,40.0
810,Mikhail Vorobyev\vorobmi01,22,PHI,C,15,1,1,2,0,2,0.1,1,0,0,0,1,0,0,10,10.0,140,9:20,4,4,25,46,35.2
811,Jakub Vrana\vranaja01,22,WSH,LW,59,18,18,36,17,16,4.5,17,1,0,4,17,1,0,120,15.0,842,14:16,28,34,4,3,57.1
812,Austin Wagner\wagneau01,21,LAK,LW,42,8,5,13,1,10,1.8,8,0,0,0,5,0,0,45,17.8,362,8:38,5,91,2,2,50.0
813,Chris Wagner\wagnech01,27,BOS,C,56,7,5,12,1,37,1.3,7,0,0,1,5,0,0,101,6.9,731,13:03,22,194,46,51,47.4
814,Nathan Walker\walkena01,24,WSH,C,3,0,1,1,1,2,0.1,0,0,0,0,1,0,0,2,0.0,24,8:09,0,5,0,0,
815,Sean Walker\walkese01,24,LAK,D,22,1,3,4,-2,2,1.0,1,0,0,0,3,0,0,31,3.2,325,14:48,21,23,0,0,
816,Lucas Wallmark\wallmlu01,23,CAR,C,59,7,14,21,-8,26,1.8,5,2,0,3,10,4,0,102,6.9,893,15:09,32,58,426,422,50.2
817,Austin Watson\watsoau01,27,NSH,LW,34,7,6,13,9,39,1.7,6,1,0,1,6,0,0,59,11.9,492,14:29,26,99,7,9,43.8
818,Jordan Weal\wealjo01,26,TOT,C,43,3,7,10,-6,16,0.5,3,0,0,0,5,2,0,41,7.3,555,12:55,14,18,226,182,55.4
818,Jordan Weal\wealjo01,26,PHI,C,28,3,6,9,-5,16,0.5,3,0,0,0,4,2,0,33,9.1,391,13:57,8,8,166,112,59.7
818,Jordan Weal\wealjo01,26,ARI,C,15,0,1,1,-1,0,-0.1,0,0,0,0,1,0,0,8,0.0,165,11:00,6,10,60,70,46.2
819,Shea Weber\webersh01,33,MTL,D,35,9,12,21,13,20,5.3,6,3,0,2,11,1,0,85,10.6,845,24:08,61,80,0,0,
820,Yannick Weber\weberya01,30,NSH,D,47,2,6,8,8,14,2.7,2,0,0,0,6,0,0,55,3.6,580,12:21,20,46,0,0,
821,MacKenzie Weegar\weegama01,25,FLA,D,44,1,6,7,-6,46,1.7,1,0,0,0,5,1,0,55,1.8,714,16:13,58,72,1,0,100.0
822,Dale Weise\weiseda01,30,TOT,RW,45,5,6,11,-6,19,0.7,4,0,1,1,6,0,0,55,9.1,540,12:00,18,70,4,10,28.6
822,Dale Weise\weiseda01,30,PHI,RW,42,5,6,11,-6,15,0.8,4,0,1,1,6,0,0,53,9.4,510,12:08,16,67,2,8,20.0
822,Dale Weise\weiseda01,30,MTL,RW,3,0,0,0,0,4,0.0,0,0,0,0,0,0,0,2,0.0,30,9:58,2,3,2,2,50.0
823,Andy Welinski\welinan01,25,ANA,D,19,0,2,2,-3,8,0.5,0,0,0,0,2,0,0,21,0.0,276,14:33,12,29,0,0,
824,Alexander Wennberg\wennbal01,24,CBJ,C,57,2,21,23,0,10,1.3,0,1,1,0,14,5,2,53,3.8,895,15:42,30,25,285,309,48.0
825,Zach Werenski\werenza01,21,CBJ,D,57,9,21,30,-9,14,5.2,8,1,0,1,12,9,0,119,7.6,1273,22:20,62,44,0,0,
826,Blake Wheeler\wheelbl01,32,WPG,RW,59,12,56,68,6,43,6.6,9,1,2,1,35,21,0,169,7.1,1258,21:20,44,61,26,50,34.2
827,Colin White\whiteco02,22,OTT,C,52,11,18,29,-10,16,2.4,6,5,0,2,18,0,0,92,12.0,819,15:45,26,17,295,323,47.7
828,Chris Wideman\widemch01,29,TOT,D,25,2,5,7,-12,18,0.5,2,0,0,1,4,1,0,27,7.4,326,13:03,26,35,0,0,
828,Chris Wideman\widemch01,29,OTT,D,19,2,3,5,-9,12,0.4,2,0,0,1,2,1,0,19,10.5,257,13:33,25,26,0,0,
828,Chris Wideman\widemch01,29,EDM,D,5,0,2,2,-2,4,0.1,0,0,0,0,2,0,0,6,0.0,57,11:26,1,7,0,0,
828,Chris Wideman\widemch01,29,FLA,D,1,0,0,0,-1,2,-0.1,0,0,0,0,0,0,0,2,0.0,12,11:53,0,2,0,0,
829,Justin Williams\williju01,37,CAR,RW,59,15,23,38,-9,30,4.2,8,7,0,3,19,4,0,166,9.0,1012,17:09,19,42,60,97,38.2
830,Colin Wilson\wilsoco01,29,COL,C,46,10,8,18,-8,6,1.5,6,4,0,2,7,1,0,76,13.2,601,13:04,20,37,17,25,40.5
831,Garrett Wilson\wilsoga01,27,PIT,LW,29,1,5,6,1,9,0.4,1,0,0,0,5,0,0,30,3.3,228,7:52,8,72,1,3,25.0
832,Tom Wilson\wilsoto01,24,WSH,RW,40,15,13,28,15,89,3.5,12,2,1,1,11,2,0,88,17.0,724,18:05,34,114,23,16,59.0
833,Luke Witkowski\witkolu01,28,DET,D,18,0,2,2,0,10,0.4,0,0,0,0,2,0,0,8,0.0,151,8:25,13,29,0,0,
834,Christian Wolanin\wolanch01,23,OTT,D,12,3,2,5,3,0,1.3,3,0,0,0,2,0,0,14,21.4,181,15:06,12,3,0,0,
835,Miles Wood\woodmi01,23,NJD,LW,52,6,12,18,-8,72,1.3,5,1,0,1,10,2,0,127,4.7,714,13:44,20,84,0,1,0.0
836,Egor Yakovlev\yakoveg01,27,NJD,D,14,2,3,5,-5,4,0.7,2,0,0,0,3,0,0,12,16.7,222,15:49,12,3,0,0,
837,Kailer Yamamoto\yamamka01,20,EDM,RW,17,1,1,2,-6,2,-0.2,1,0,0,0,0,1,0,13,7.7,222,13:04,11,18,0,0,
838,Keith Yandle\yandlke01,32,FLA,D,57,8,37,45,-19,40,6.3,2,6,0,2,15,22,0,141,5.7,1296,22:44,53,32,0,0,
839,Pavel Zacha\zachapa01,21,NJD,C,53,11,6,17,-8,13,1.5,6,3,2,1,5,0,1,86,12.8,836,15:46,22,55,308,315,49.4
840,Nikita Zadorov\zadorni01,23,COL,D,47,5,3,8,9,50,2.7,5,0,0,0,3,0,0,62,8.1,782,16:39,35,151,0,0,
841,Nikita Zaitsev\zaitsni01,27,TOR,D,58,2,5,7,3,14,2.5,2,0,0,0,5,0,0,50,4.0,1179,20:20,117,97,0,0,
842,Travis Zajac\zajactr01,33,NJD,C,57,13,21,34,-12,14,3.0,10,2,1,1,16,5,0,87,14.9,1097,19:15,30,45,601,449,57.2
843,Jakub Zboril\zborija01,21,BOS,D,2,0,0,0,0,0,0.1,0,0,0,0,0,0,0,1,0.0,22,10:56,0,3,0,0,
844,Mika Zibanejad\zibanmi01,25,NYR,C,58,26,32,58,-7,32,6.7,15,9,2,5,21,11,0,172,15.1,1175,20:15,45,101,575,593,49.2
845,Mats Zuccarello\zuccama01,31,NYR,LW,44,11,26,37,-10,24,3.4,8,3,0,1,15,11,0,96,11.5,878,19:58,41,54,9,17,34.6
846,Jason Zucker\zuckeja01,27,MIN,LW,58,14,15,29,-4,22,3.0,9,5,0,4,10,5,0,155,9.0,997,17:11,24,71,0,2,0.0
847,Valentin Zykov\zykovva01,23,TOT,LW,24,1,3,4,-2,2,0.2,1,0,0,0,1,2,0,25,4.0,235,9:48,3,21,2,7,22.2
847,Valentin Zykov\zykovva01,23,CAR,LW,13,0,3,3,-1,0,0.2,0,0,0,0,1,2,0,13,0.0,127,9:45,2,6,2,6,25.0
847,Valentin Zykov\zykovva01,23,VEG,LW,6,1,0,1,0,0,0.1,1,0,0,0,0,0,0,12,8.3,73,12:06,0,13,0,1,0.0
847,Valentin Zykov\zykovva01,23,EDM,LW,5,0,0,0,-1,2,-0.1,0,0,0,0,0,0,0,0,,36,7:08,1,2,0,0,